TurbID,DATATIME,YD15
1,2020/1/21 0:00,5685
1,2020/1/21 0:15,6142
1,2020/1/21 0:30,6569
1,2020/1/21 0:45,8868
1,2020/1/21 1:00,8478
1,2020/1/21 1:15,2504
1,2020/1/21 1:30,663
1,2020/1/21 1:45,6991
1,2020/1/21 2:00,17491
1,2020/1/21 2:15,6868
1,2020/1/21 2:30,-59
1,2020/1/21 2:45,-242
1,2020/1/21 3:00,-187
1,2020/1/21 3:15,-261
1,2020/1/21 3:30,-262
1,2020/1/21 3:45,-219
1,2020/1/21 4:00,-124
1,2020/1/21 4:15,-110
1,2020/1/21 4:30,-252
1,2020/1/21 4:45,-153
1,2020/1/21 5:00,1384
1,2020/1/21 5:15,2356
1,2020/1/21 5:30,4142
1,2020/1/21 5:45,1753
1,2020/1/21 6:00,2020
1,2020/1/21 6:15,2023
1,2020/1/21 6:30,1019
1,2020/1/21 6:45,-226
1,2020/1/21 7:00,-108
1,2020/1/21 7:15,-145
1,2020/1/21 7:30,923
1,2020/1/21 7:45,2468
1,2020/1/21 8:00,2847
1,2020/1/21 8:15,4189
1,2020/1/21 8:30,5740
1,2020/1/21 8:45,1052
1,2020/1/21 9:00,232
1,2020/1/21 9:15,-57
1,2020/1/21 9:30,-267
1,2020/1/21 9:45,-286
1,2020/1/21 10:00,-265
1,2020/1/21 10:15,-264
1,2020/1/21 10:30,-284
1,2020/1/21 10:45,-248
1,2020/1/21 11:00,-293
1,2020/1/21 11:15,-260
1,2020/1/21 11:30,-261
1,2020/1/21 11:45,-260
1,2020/1/21 12:00,-261
1,2020/1/21 12:15,-289
1,2020/1/21 12:30,-263
1,2020/1/21 12:45,-288
1,2020/1/21 13:00,-260
1,2020/1/21 13:15,-259
1,2020/1/21 13:30,-248
1,2020/1/21 13:45,-263
1,2020/1/21 14:00,-284
1,2020/1/21 14:15,-290
1,2020/1/21 14:30,-278
1,2020/1/21 14:45,-245
1,2020/1/21 15:00,-272
1,2020/1/21 15:15,-307
1,2020/1/21 15:30,-257
1,2020/1/21 15:45,-277
1,2020/1/21 16:00,-267
1,2020/1/21 16:15,-284
1,2020/1/21 16:30,-227
1,2020/1/21 16:45,-254
1,2020/1/21 17:00,-265
1,2020/1/21 17:15,-245
1,2020/1/21 17:30,-380
1,2020/1/21 17:45,-312
1,2020/1/21 18:00,-318
1,2020/1/21 18:15,-180
1,2020/1/21 18:30,-188
1,2020/1/21 18:45,42
1,2020/1/21 19:00,81
1,2020/1/21 19:15,652
1,2020/1/21 19:30,3592
1,2020/1/21 19:45,5024
1,2020/1/21 20:00,5836
1,2020/1/21 20:15,6064
1,2020/1/21 20:30,4572
1,2020/1/21 20:45,5684
1,2020/1/21 21:00,9449
1,2020/1/21 21:15,6441
1,2020/1/21 21:30,5243
1,2020/1/21 21:45,5761
1,2020/1/21 22:00,5155
1,2020/1/21 22:15,6038
1,2020/1/21 22:30,2642
1,2020/1/21 22:45,1891
1,2020/1/21 23:00,83
1,2020/1/21 23:15,-253
1,2020/1/21 23:30,-373
1,2020/1/21 23:45,-308
1,2020/1/22 0:00,315
1,2020/1/22 0:15,5319
1,2020/1/22 0:30,5135
1,2020/1/22 0:45,8284
1,2020/1/22 1:00,10542
1,2020/1/22 1:15,9347
1,2020/1/22 1:30,6514
1,2020/1/22 1:45,4797
1,2020/1/22 2:00,6786
1,2020/1/22 2:15,8085
1,2020/1/22 2:30,11091
1,2020/1/22 2:45,15254
1,2020/1/22 3:00,16020
1,2020/1/22 3:15,20514
1,2020/1/22 3:30,22425
1,2020/1/22 3:45,19979
1,2020/1/22 4:00,22650
1,2020/1/22 4:15,21362
1,2020/1/22 4:30,25780
1,2020/1/22 4:45,20812
1,2020/1/22 5:00,20369
1,2020/1/22 5:15,16755
1,2020/1/22 5:30,15342
1,2020/1/22 5:45,14582
1,2020/1/22 6:00,16148
1,2020/1/22 6:15,17889
1,2020/1/22 6:30,14819
1,2020/1/22 6:45,7888
1,2020/1/22 7:00,8776
1,2020/1/22 7:15,9389
1,2020/1/22 7:30,15220
1,2020/1/22 7:45,12471
1,2020/1/22 8:00,10240
1,2020/1/22 8:15,7500
1,2020/1/22 8:30,8638
1,2020/1/22 8:45,14983
1,2020/1/22 9:00,12838
1,2020/1/22 9:15,11961
1,2020/1/22 9:30,12562
1,2020/1/22 9:45,11228
1,2020/1/22 10:00,7184
1,2020/1/22 10:15,6698
1,2020/1/22 10:30,7415
1,2020/1/22 10:45,10982
1,2020/1/22 11:00,8699
1,2020/1/22 11:15,8181
1,2020/1/22 11:30,8468
1,2020/1/22 11:45,8674
1,2020/1/22 12:00,7938
1,2020/1/22 12:15,8326
1,2020/1/22 12:30,10506
1,2020/1/22 12:45,8724
1,2020/1/22 13:00,10090
1,2020/1/22 13:15,8606
1,2020/1/22 13:30,9715
1,2020/1/22 13:45,10132
1,2020/1/22 14:00,9711
1,2020/1/22 14:15,8953
1,2020/1/22 14:30,6156
1,2020/1/22 14:45,6356
1,2020/1/22 15:00,6795
1,2020/1/22 15:15,4960
1,2020/1/22 15:30,4173
1,2020/1/22 15:45,5055
1,2020/1/22 16:00,4051
1,2020/1/22 16:15,3895
1,2020/1/22 16:30,4760
1,2020/1/22 16:45,5733
1,2020/1/22 17:00,4876
1,2020/1/22 17:15,4833
1,2020/1/22 17:30,9012
1,2020/1/22 17:45,8468
1,2020/1/22 18:00,9796
1,2020/1/22 18:15,11679
1,2020/1/22 18:30,13998
1,2020/1/22 18:45,13635
1,2020/1/22 19:00,14488
1,2020/1/22 19:15,17684
1,2020/1/22 19:30,20673
1,2020/1/22 19:45,18395
1,2020/1/22 20:00,15808
1,2020/1/22 20:15,12376
1,2020/1/22 20:30,12224
1,2020/1/22 20:45,10146
1,2020/1/22 21:00,15007
1,2020/1/22 21:15,19523
1,2020/1/22 21:30,18126
1,2020/1/22 21:45,17520
1,2020/1/22 22:00,24753
1,2020/1/22 22:15,19220
1,2020/1/22 22:30,12767
1,2020/1/22 22:45,9759
1,2020/1/22 23:00,12900
1,2020/1/22 23:15,10902
1,2020/1/22 23:30,12305
1,2020/1/22 23:45,8957
1,2020/1/23 0:00,9811
1,2020/1/23 0:15,9555
1,2020/1/23 0:30,9213
1,2020/1/23 0:45,6945
1,2020/1/23 1:00,4694
1,2020/1/23 1:15,2844
1,2020/1/23 1:30,757
1,2020/1/23 1:45,734
1,2020/1/23 2:00,3013
1,2020/1/23 2:15,8737
1,2020/1/23 2:30,7145
1,2020/1/23 2:45,6993
1,2020/1/23 3:00,11755
1,2020/1/23 3:15,11400
1,2020/1/23 3:30,7415
1,2020/1/23 3:45,5552
1,2020/1/23 4:00,5226
1,2020/1/23 4:15,5300
1,2020/1/23 4:30,7574
1,2020/1/23 4:45,7588
1,2020/1/23 5:00,7728
1,2020/1/23 5:15,7621
1,2020/1/23 5:30,7344
1,2020/1/23 5:45,9004
1,2020/1/23 6:00,10827
1,2020/1/23 6:15,9198
1,2020/1/23 6:30,6159
1,2020/1/23 6:45,4514
1,2020/1/23 7:00,4335
1,2020/1/23 7:15,3929
1,2020/1/23 7:30,1506
1,2020/1/23 7:45,1175
1,2020/1/23 8:00,1553
1,2020/1/23 8:15,2325
1,2020/1/23 8:30,1965
1,2020/1/23 8:45,150
1,2020/1/23 9:00,-21
1,2020/1/23 9:15,-208
1,2020/1/23 9:30,-299
1,2020/1/23 9:45,-305
1,2020/1/23 10:00,-314
1,2020/1/23 10:15,-308
1,2020/1/23 10:30,-316
1,2020/1/23 10:45,-282
1,2020/1/23 11:00,-282
1,2020/1/23 11:15,-292
1,2020/1/23 11:30,-286
1,2020/1/23 11:45,-329
1,2020/1/23 12:00,-278
1,2020/1/23 12:15,-336
1,2020/1/23 12:30,-270
1,2020/1/23 12:45,-319
1,2020/1/23 13:00,-284
1,2020/1/23 13:15,-305
1,2020/1/23 13:30,-342
1,2020/1/23 13:45,-292
1,2020/1/23 14:00,-323
1,2020/1/23 14:15,-284
1,2020/1/23 14:30,-259
1,2020/1/23 14:45,-288
1,2020/1/23 15:00,-317
1,2020/1/23 15:15,-306
1,2020/1/23 15:30,-234
1,2020/1/23 15:45,-332
1,2020/1/23 16:00,-279
1,2020/1/23 16:15,-311
1,2020/1/23 16:30,556
1,2020/1/23 16:45,2764
1,2020/1/23 17:00,2141
1,2020/1/23 17:15,1001
1,2020/1/23 17:30,1321
1,2020/1/23 17:45,151
1,2020/1/23 18:00,-134
1,2020/1/23 18:15,-228
1,2020/1/23 18:30,-294
1,2020/1/23 18:45,-300
1,2020/1/23 19:00,-305
1,2020/1/23 19:15,-273
1,2020/1/23 19:30,-295
1,2020/1/23 19:45,-283
1,2020/1/23 20:00,-259
1,2020/1/23 20:15,-287
1,2020/1/23 20:30,-305
1,2020/1/23 20:45,-284
1,2020/1/23 21:00,-270
1,2020/1/23 21:15,-278
1,2020/1/23 21:30,-263
1,2020/1/23 21:45,-319
1,2020/1/23 22:00,-189
1,2020/1/23 22:15,4413
1,2020/1/23 22:30,9142
1,2020/1/23 22:45,-158
1,2020/1/23 23:00,-91
1,2020/1/23 23:15,-210
1,2020/1/23 23:30,-243
1,2020/1/23 23:45,-304
1,2020/1/24 0:00,-296
1,2020/1/24 0:15,-272
1,2020/1/24 0:30,-270
1,2020/1/24 0:45,-286
1,2020/1/24 1:00,-301
1,2020/1/24 1:15,-277
1,2020/1/24 1:30,-415
1,2020/1/24 1:45,-523
1,2020/1/24 2:00,-309
1,2020/1/24 2:15,-68
1,2020/1/24 2:30,-308
1,2020/1/24 2:45,-295
1,2020/1/24 3:00,-279
1,2020/1/24 3:15,-296
1,2020/1/24 3:30,-287
1,2020/1/24 3:45,-397
1,2020/1/24 4:00,-266
1,2020/1/24 4:15,-286
1,2020/1/24 4:30,-305
1,2020/1/24 4:45,-464
1,2020/1/24 5:00,4846
1,2020/1/24 5:15,1360
1,2020/1/24 5:30,-20
1,2020/1/24 5:45,-145
1,2020/1/24 6:00,220
1,2020/1/24 6:15,897
1,2020/1/24 6:30,5374
1,2020/1/24 6:45,12065
1,2020/1/24 7:00,13851
1,2020/1/24 7:15,13916
1,2020/1/24 7:30,14970
1,2020/1/24 7:45,20614
1,2020/1/24 8:00,27607
1,2020/1/24 8:15,55459
1,2020/1/24 8:30,45463
1,2020/1/24 8:45,27346
1,2020/1/24 9:00,28304
1,2020/1/24 9:15,31363
1,2020/1/24 9:30,13225
1,2020/1/24 9:45,9317
1,2020/1/24 10:00,11729
1,2020/1/24 10:15,7879
1,2020/1/24 10:30,6142
1,2020/1/24 10:45,440
1,2020/1/24 11:00,-167
1,2020/1/24 11:15,-326
1,2020/1/24 11:30,-288
1,2020/1/24 11:45,-326
1,2020/1/24 12:00,-306
1,2020/1/24 12:15,-257
1,2020/1/24 12:30,-299
1,2020/1/24 12:45,-261
1,2020/1/24 13:00,-321
1,2020/1/24 13:15,-287
1,2020/1/24 13:30,-314
1,2020/1/24 13:45,-311
1,2020/1/24 14:00,12988
1,2020/1/24 14:15,17347
1,2020/1/24 14:30,12198
1,2020/1/24 14:45,1548
1,2020/1/24 15:00,-2
1,2020/1/24 15:15,56
1,2020/1/24 15:30,217
1,2020/1/24 15:45,-29
1,2020/1/24 16:00,-310
1,2020/1/24 16:15,-298
1,2020/1/24 16:30,-387
1,2020/1/24 16:45,-312
1,2020/1/24 17:00,993
1,2020/1/24 17:15,8170
1,2020/1/24 17:30,15455
1,2020/1/24 17:45,17736
1,2020/1/24 18:00,24723
1,2020/1/24 18:15,24727
1,2020/1/24 18:30,29937
1,2020/1/24 18:45,31987
1,2020/1/24 19:00,30449
1,2020/1/24 19:15,29082
1,2020/1/24 19:30,21971
1,2020/1/24 19:45,19408
1,2020/1/24 20:00,29519
1,2020/1/24 20:15,24317
1,2020/1/24 20:30,28103
1,2020/1/24 20:45,35094
1,2020/1/24 21:00,32902
1,2020/1/24 21:15,26301
1,2020/1/24 21:30,30452
1,2020/1/24 21:45,29865
1,2020/1/24 22:00,31701
1,2020/1/24 22:15,30391
1,2020/1/24 22:30,23625
1,2020/1/24 22:45,31475
1,2020/1/24 23:00,34386
1,2020/1/24 23:15,32167
1,2020/1/24 23:30,23334
1,2020/1/24 23:45,16346
1,2020/1/25 0:00,21507
1,2020/1/25 0:15,29333
1,2020/1/25 0:30,22740
1,2020/1/25 0:45,25806
1,2020/1/25 1:00,31379
1,2020/1/25 1:15,34071
1,2020/1/25 1:30,19556
1,2020/1/25 1:45,20612
1,2020/1/25 2:00,24438
1,2020/1/25 2:15,27430
1,2020/1/25 2:30,32200
1,2020/1/25 2:45,31572
1,2020/1/25 3:00,25474
1,2020/1/25 3:15,21183
1,2020/1/25 3:30,26226
1,2020/1/25 3:45,40778
1,2020/1/25 4:00,44284
1,2020/1/25 4:15,50718
1,2020/1/25 4:30,52826
1,2020/1/25 4:45,62900
1,2020/1/25 5:00,63022
1,2020/1/25 5:15,52025
1,2020/1/25 5:30,33030
1,2020/1/25 5:45,34124
1,2020/1/25 6:00,34616
1,2020/1/25 6:15,33363
1,2020/1/25 6:30,26605
1,2020/1/25 6:45,24076
1,2020/1/25 7:00,20279
1,2020/1/25 7:15,19078
1,2020/1/25 7:30,14060
1,2020/1/25 7:45,15759
1,2020/1/25 8:00,17883
1,2020/1/25 8:15,16396
1,2020/1/25 8:30,19155
1,2020/1/25 8:45,12983
1,2020/1/25 9:00,13692
1,2020/1/25 9:15,14069
1,2020/1/25 9:30,13591
1,2020/1/25 9:45,13031
1,2020/1/25 10:00,12357
1,2020/1/25 10:15,15404
1,2020/1/25 10:30,11989
1,2020/1/25 10:45,12867
1,2020/1/25 11:00,7825
1,2020/1/25 11:15,5159
1,2020/1/25 11:30,3819
1,2020/1/25 11:45,2884
1,2020/1/25 12:00,2013
1,2020/1/25 12:15,843
1,2020/1/25 12:30,1112
1,2020/1/25 12:45,891
1,2020/1/25 13:00,2257
1,2020/1/25 13:15,1638
1,2020/1/25 13:30,5128
1,2020/1/25 13:45,6406
1,2020/1/25 14:00,6388
1,2020/1/25 14:15,8490
1,2020/1/25 14:30,11128
1,2020/1/25 14:45,13050
1,2020/1/25 15:00,12350
1,2020/1/25 15:15,12607
1,2020/1/25 15:30,9447
1,2020/1/25 15:45,8051
1,2020/1/25 16:00,7295
1,2020/1/25 16:15,6576
1,2020/1/25 16:30,10208
1,2020/1/25 16:45,13455
1,2020/1/25 17:00,11937
1,2020/1/25 17:15,10882
1,2020/1/25 17:30,15429
1,2020/1/25 17:45,19019
1,2020/1/25 18:00,21491
1,2020/1/25 18:15,23602
1,2020/1/25 18:30,32405
1,2020/1/25 18:45,32512
1,2020/1/25 19:00,36922
1,2020/1/25 19:15,34640
1,2020/1/25 19:30,31671
1,2020/1/25 19:45,28414
1,2020/1/25 20:00,27448
1,2020/1/25 20:15,24127
1,2020/1/25 20:30,27385
1,2020/1/25 20:45,27244
1,2020/1/25 21:00,32450
1,2020/1/25 21:15,38841
1,2020/1/25 21:30,32030
1,2020/1/25 21:45,35534
1,2020/1/25 22:00,38238
1,2020/1/25 22:15,38253
1,2020/1/25 22:30,41226
1,2020/1/25 22:45,38157
1,2020/1/25 23:00,37723
1,2020/1/25 23:15,35399
1,2020/1/25 23:30,30656
1,2020/1/25 23:45,27951
1,2020/1/26 0:00,24163
1,2020/1/26 0:15,23808
1,2020/1/26 0:30,19093
1,2020/1/26 0:45,16229
1,2020/1/26 1:00,11212
1,2020/1/26 1:15,10196
1,2020/1/26 1:30,9359
1,2020/1/26 1:45,9623
1,2020/1/26 2:00,9562
1,2020/1/26 2:15,10076
1,2020/1/26 2:30,9904
1,2020/1/26 2:45,16196
1,2020/1/26 3:00,25528
1,2020/1/26 3:15,34484
1,2020/1/26 3:30,36948
1,2020/1/26 3:45,35864
1,2020/1/26 4:00,35270
1,2020/1/26 4:15,36543
1,2020/1/26 4:30,31209
1,2020/1/26 4:45,23923
1,2020/1/26 5:00,23837
1,2020/1/26 5:15,20621
1,2020/1/26 5:30,20033
1,2020/1/26 5:45,15763
1,2020/1/26 6:00,13630
1,2020/1/26 6:15,10143
1,2020/1/26 6:30,11545
1,2020/1/26 6:45,3686
1,2020/1/26 7:00,7345
1,2020/1/26 7:15,5413
1,2020/1/26 7:30,3210
1,2020/1/26 7:45,4085
1,2020/1/26 8:00,10913
1,2020/1/26 8:15,19730
1,2020/1/26 8:30,27706
1,2020/1/26 8:45,30653
1,2020/1/26 9:00,31636
1,2020/1/26 9:15,30765
1,2020/1/26 9:30,20881
1,2020/1/26 9:45,20845
1,2020/1/26 10:00,20649
1,2020/1/26 10:15,20891
1,2020/1/26 10:30,13677
1,2020/1/26 10:45,17719
1,2020/1/26 11:00,18206
1,2020/1/26 11:15,15202
1,2020/1/26 11:30,15072
1,2020/1/26 11:45,21667
1,2020/1/26 12:00,20241
1,2020/1/26 12:15,24358
1,2020/1/26 12:30,16635
1,2020/1/26 12:45,16926
1,2020/1/26 13:00,14996
1,2020/1/26 13:15,17589
1,2020/1/26 13:30,19384
1,2020/1/26 13:45,19731
1,2020/1/26 14:00,17174
1,2020/1/26 14:15,17742
1,2020/1/26 14:30,14939
1,2020/1/26 14:45,17246
1,2020/1/26 15:00,22223
1,2020/1/26 15:15,27124
1,2020/1/26 15:30,23586
1,2020/1/26 15:45,18712
1,2020/1/26 16:00,16730
1,2020/1/26 16:15,12411
1,2020/1/26 16:30,10718
1,2020/1/26 16:45,9374
1,2020/1/26 17:00,4893
1,2020/1/26 17:15,2186
1,2020/1/26 17:30,2785
1,2020/1/26 17:45,3098
1,2020/1/26 18:00,3032
1,2020/1/26 18:15,2860
1,2020/1/26 18:30,1157
1,2020/1/26 18:45,150
1,2020/1/26 19:00,-223
1,2020/1/26 19:15,1334
1,2020/1/26 19:30,3947
1,2020/1/26 19:45,5174
1,2020/1/26 20:00,11718
1,2020/1/26 20:15,11084
1,2020/1/26 20:30,11402
1,2020/1/26 20:45,8903
1,2020/1/26 21:00,7233
1,2020/1/26 21:15,5189
1,2020/1/26 21:30,4076
1,2020/1/26 21:45,2757
1,2020/1/26 22:00,5722
1,2020/1/26 22:15,2261
1,2020/1/26 22:30,2653
1,2020/1/26 22:45,1947
1,2020/1/26 23:00,923
1,2020/1/26 23:15,2592
1,2020/1/26 23:30,2259
1,2020/1/26 23:45,1016
1,2020/1/27 0:00,421
1,2020/1/27 0:15,-224
1,2020/1/27 0:30,-8
1,2020/1/27 0:45,-70
1,2020/1/27 1:00,-209
1,2020/1/27 1:15,-218
1,2020/1/27 1:30,-210
1,2020/1/27 1:45,-289
1,2020/1/27 2:00,-282
1,2020/1/27 2:15,2575
1,2020/1/27 2:30,1190
1,2020/1/27 2:45,2366
1,2020/1/27 3:00,6323
1,2020/1/27 3:15,5355
1,2020/1/27 3:30,1118
1,2020/1/27 3:45,-164
1,2020/1/27 4:00,-29
1,2020/1/27 4:15,4067
1,2020/1/27 4:30,6006
1,2020/1/27 4:45,7944
1,2020/1/27 5:00,8000
1,2020/1/27 5:15,11800
1,2020/1/27 5:30,15557
1,2020/1/27 5:45,17798
1,2020/1/27 6:00,15403
1,2020/1/27 6:15,8374
1,2020/1/27 6:30,4993
1,2020/1/27 6:45,5422
1,2020/1/27 7:00,3775
1,2020/1/27 7:15,5187
1,2020/1/27 7:30,4541
1,2020/1/27 7:45,6999
1,2020/1/27 8:00,7908
1,2020/1/27 8:15,9643
1,2020/1/27 8:30,5744
1,2020/1/27 8:45,6725
1,2020/1/27 9:00,7679
1,2020/1/27 9:15,9367
1,2020/1/27 9:30,7845
1,2020/1/27 9:45,8390
1,2020/1/27 10:00,6732
1,2020/1/27 10:15,4311
1,2020/1/27 10:30,3155
1,2020/1/27 10:45,608
1,2020/1/27 11:00,-15
1,2020/1/27 11:15,-314
1,2020/1/27 11:30,-305
1,2020/1/27 11:45,-292
1,2020/1/27 12:00,-283
1,2020/1/27 12:15,-296
1,2020/1/27 12:30,-309
1,2020/1/27 12:45,-263
1,2020/1/27 13:00,-285
1,2020/1/27 13:15,-300
1,2020/1/27 13:30,-270
1,2020/1/27 13:45,-294
1,2020/1/27 14:00,-326
1,2020/1/27 14:15,-300
1,2020/1/27 14:30,-272
1,2020/1/27 14:45,-286
1,2020/1/27 15:00,-296
1,2020/1/27 15:15,-273
1,2020/1/27 15:30,-272
1,2020/1/27 15:45,-293
1,2020/1/27 16:00,-307
1,2020/1/27 16:15,-283
1,2020/1/27 16:30,-306
1,2020/1/27 16:45,-303
1,2020/1/27 17:00,-296
1,2020/1/27 17:15,-270
1,2020/1/27 17:30,-322
1,2020/1/27 17:45,-309
1,2020/1/27 18:00,-309
1,2020/1/27 18:15,-340
1,2020/1/27 18:30,-197
1,2020/1/27 18:45,-251
1,2020/1/27 19:00,-259
1,2020/1/27 19:15,-196
1,2020/1/27 19:30,305
1,2020/1/27 19:45,2521
1,2020/1/27 20:00,10819
1,2020/1/27 20:15,13324
1,2020/1/27 20:30,16836
1,2020/1/27 20:45,27502
1,2020/1/27 21:00,30195
1,2020/1/27 21:15,29709
1,2020/1/27 21:30,37920
1,2020/1/27 21:45,34401
1,2020/1/27 22:00,30682
1,2020/1/27 22:15,35016
1,2020/1/27 22:30,60883
1,2020/1/27 22:45,69760
1,2020/1/27 23:00,59535
1,2020/1/27 23:15,55785
1,2020/1/27 23:30,64290
1,2020/1/27 23:45,75695
1,2020/1/28 0:00,74773
1,2020/1/28 0:15,60576
1,2020/1/28 0:30,74293
1,2020/1/28 0:45,59102
1,2020/1/28 1:00,69235
1,2020/1/28 1:15,73563
1,2020/1/28 1:30,78566
1,2020/1/28 1:45,82759
1,2020/1/28 2:00,83584
1,2020/1/28 2:15,79070
1,2020/1/28 2:30,83067
1,2020/1/28 2:45,66868
1,2020/1/28 3:00,50777
1,2020/1/28 3:15,43618
1,2020/1/28 3:30,53877
1,2020/1/28 3:45,59437
1,2020/1/28 4:00,53546
1,2020/1/28 4:15,50259
1,2020/1/28 4:30,46778
1,2020/1/28 4:45,40117
1,2020/1/28 5:00,41126
1,2020/1/28 5:15,41726
1,2020/1/28 5:30,41446
1,2020/1/28 5:45,49141
1,2020/1/28 6:00,57991
1,2020/1/28 6:15,62465
1,2020/1/28 6:30,80069
1,2020/1/28 6:45,76431
1,2020/1/28 7:00,80363
1,2020/1/28 7:15,78151
1,2020/1/28 7:30,56847
1,2020/1/28 7:45,47423
1,2020/1/28 8:00,35796
1,2020/1/28 8:15,35643
1,2020/1/28 8:30,27979
1,2020/1/28 8:45,36337
1,2020/1/28 9:00,23929
1,2020/1/28 9:15,16037
1,2020/1/28 9:30,5601
1,2020/1/28 9:45,7975
1,2020/1/28 10:00,50467
1,2020/1/28 10:15,77160
1,2020/1/28 10:30,84637
1,2020/1/28 10:45,91178
1,2020/1/28 11:00,95439
1,2020/1/28 11:15,92673
1,2020/1/28 11:30,97271
1,2020/1/28 11:45,91835
1,2020/1/28 12:00,96594
1,2020/1/28 12:15,97460
1,2020/1/28 12:30,97497
1,2020/1/28 12:45,98178
1,2020/1/28 13:00,98529
1,2020/1/28 13:15,95704
1,2020/1/28 13:30,95883
1,2020/1/28 13:45,87171
1,2020/1/28 14:00,94590
1,2020/1/28 14:15,93280
1,2020/1/28 14:30,94199
1,2020/1/28 14:45,85561
1,2020/1/28 15:00,80936
1,2020/1/28 15:15,87982
1,2020/1/28 15:30,74038
1,2020/1/28 15:45,60793
1,2020/1/28 16:00,67592
1,2020/1/28 16:15,64255
1,2020/1/28 16:30,65959
1,2020/1/28 16:45,58440
1,2020/1/28 17:00,52319
1,2020/1/28 17:15,43174
1,2020/1/28 17:30,34098
1,2020/1/28 17:45,46736
1,2020/1/28 18:00,45122
1,2020/1/28 18:15,39162
1,2020/1/28 18:30,37154
1,2020/1/28 18:45,26252
1,2020/1/28 19:00,26693
1,2020/1/28 19:15,28436
1,2020/1/28 19:30,23715
1,2020/1/28 19:45,23909
1,2020/1/28 20:00,21106
1,2020/1/28 20:15,14224
1,2020/1/28 20:30,6219
1,2020/1/28 20:45,858
1,2020/1/28 21:00,142
1,2020/1/28 21:15,283
1,2020/1/28 21:30,1855
1,2020/1/28 21:45,3080
1,2020/1/28 22:00,1150
1,2020/1/28 22:15,3884
1,2020/1/28 22:30,8084
1,2020/1/28 22:45,9583
1,2020/1/28 23:00,12876
1,2020/1/28 23:15,29244
1,2020/1/28 23:30,19228
1,2020/1/28 23:45,35801
1,2020/1/29 0:00,31594
1,2020/1/29 0:15,39786
1,2020/1/29 0:30,25359
1,2020/1/29 0:45,27530
1,2020/1/29 1:00,23144
1,2020/1/29 1:15,25164
1,2020/1/29 1:30,31177
1,2020/1/29 1:45,30289
1,2020/1/29 2:00,38475
1,2020/1/29 2:15,44377
1,2020/1/29 2:30,49313
1,2020/1/29 2:45,46659
1,2020/1/29 3:00,25968
1,2020/1/29 3:15,24565
1,2020/1/29 3:30,29398
1,2020/1/29 3:45,38488
1,2020/1/29 4:00,44271
1,2020/1/29 4:15,53494
1,2020/1/29 4:30,56520
1,2020/1/29 4:45,61376
1,2020/1/29 5:00,57779
1,2020/1/29 5:15,53078
1,2020/1/29 5:30,57379
1,2020/1/29 5:45,59806
1,2020/1/29 6:00,72498
1,2020/1/29 6:15,80479
1,2020/1/29 6:30,76216
1,2020/1/29 6:45,67767
1,2020/1/29 7:00,67532
1,2020/1/29 7:15,70575
1,2020/1/29 7:30,66534
1,2020/1/29 7:45,67256
1,2020/1/29 8:00,61223
1,2020/1/29 8:15,55424
1,2020/1/29 8:30,49892
1,2020/1/29 8:45,42799
1,2020/1/29 9:00,41389
1,2020/1/29 9:15,33900
1,2020/1/29 9:30,24845
1,2020/1/29 9:45,23610
1,2020/1/29 10:00,24401
1,2020/1/29 10:15,28280
1,2020/1/29 10:30,18943
1,2020/1/29 10:45,16556
1,2020/1/29 11:00,18783
1,2020/1/29 11:15,15360
1,2020/1/29 11:30,15534
1,2020/1/29 11:45,21441
1,2020/1/29 12:00,29741
1,2020/1/29 12:15,30030
1,2020/1/29 12:30,36960
1,2020/1/29 12:45,36438
1,2020/1/29 13:00,46319
1,2020/1/29 13:15,44787
1,2020/1/29 13:30,38753
1,2020/1/29 13:45,32214
1,2020/1/29 14:00,25770
1,2020/1/29 14:15,30391
1,2020/1/29 14:30,32017
1,2020/1/29 14:45,41058
1,2020/1/29 15:00,42367
1,2020/1/29 15:15,42680
1,2020/1/29 15:30,46934
1,2020/1/29 15:45,42858
1,2020/1/29 16:00,40834
1,2020/1/29 16:15,31672
1,2020/1/29 16:30,26824
1,2020/1/29 16:45,35698
1,2020/1/29 17:00,35752
1,2020/1/29 17:15,30997
1,2020/1/29 17:30,31216
1,2020/1/29 17:45,40440
1,2020/1/29 18:00,37232
1,2020/1/29 18:15,26564
1,2020/1/29 18:30,37112
1,2020/1/29 18:45,59378
1,2020/1/29 19:00,65827
1,2020/1/29 19:15,76468
1,2020/1/29 19:30,85334
1,2020/1/29 19:45,83465
1,2020/1/29 20:00,79606
1,2020/1/29 20:15,74051
1,2020/1/29 20:30,77547
1,2020/1/29 20:45,83813
1,2020/1/29 21:00,91665
1,2020/1/29 21:15,94086
1,2020/1/29 21:30,91303
1,2020/1/29 21:45,90751
1,2020/1/29 22:00,77277
1,2020/1/29 22:15,64543
1,2020/1/29 22:30,57097
1,2020/1/29 22:45,55844
1,2020/1/29 23:00,65556
1,2020/1/29 23:15,76201
1,2020/1/29 23:30,77721
1,2020/1/29 23:45,71435
1,2020/1/30 0:00,73833
1,2020/1/30 0:15,68498
1,2020/1/30 0:30,70870
1,2020/1/30 0:45,69746
1,2020/1/30 1:00,65875
1,2020/1/30 1:15,54745
1,2020/1/30 1:30,50722
1,2020/1/30 1:45,46761
1,2020/1/30 2:00,37969
1,2020/1/30 2:15,38660
1,2020/1/30 2:30,35950
1,2020/1/30 2:45,32339
1,2020/1/30 3:00,34871
1,2020/1/30 3:15,39974
1,2020/1/30 3:30,39399
1,2020/1/30 3:45,33837
1,2020/1/30 4:00,24305
1,2020/1/30 4:15,28599
1,2020/1/30 4:30,30938
1,2020/1/30 4:45,36826
1,2020/1/30 5:00,32137
1,2020/1/30 5:15,24838
1,2020/1/30 5:30,28918
1,2020/1/30 5:45,26676
1,2020/1/30 6:00,29451
1,2020/1/30 6:15,31882
1,2020/1/30 6:30,27045
1,2020/1/30 6:45,23519
1,2020/1/30 7:00,23385
1,2020/1/30 7:15,21405
1,2020/1/30 7:30,14471
1,2020/1/30 7:45,10736
1,2020/1/30 8:00,11438
1,2020/1/30 8:15,14209
1,2020/1/30 8:30,13522
1,2020/1/30 8:45,13034
1,2020/1/30 9:00,7447
1,2020/1/30 9:15,5935
1,2020/1/30 9:30,3209
1,2020/1/30 9:45,-377
1,2020/1/30 10:00,-296
1,2020/1/30 10:15,-356
1,2020/1/30 10:30,-270
1,2020/1/30 10:45,-303
1,2020/1/30 11:00,-274
1,2020/1/30 11:15,-273
1,2020/1/30 11:30,-293
1,2020/1/30 11:45,-252
1,2020/1/30 12:00,-386
1,2020/1/30 12:15,-307
1,2020/1/30 12:30,-295
1,2020/1/30 12:45,-251
1,2020/1/30 13:00,-295
1,2020/1/30 13:15,-292
1,2020/1/30 13:30,-285
1,2020/1/30 13:45,-433
1,2020/1/30 14:00,-328
1,2020/1/30 14:15,-289
1,2020/1/30 14:30,-250
1,2020/1/30 14:45,-248
1,2020/1/30 15:00,-293
1,2020/1/30 15:15,-265
1,2020/1/30 15:30,-384
1,2020/1/30 15:45,-292
1,2020/1/30 16:00,-293
1,2020/1/30 16:15,-289
1,2020/1/30 16:30,-209
1,2020/1/30 16:45,23
1,2020/1/30 17:00,1069
1,2020/1/30 17:15,2045
1,2020/1/30 17:30,1099
1,2020/1/30 17:45,1878
1,2020/1/30 18:00,1099
1,2020/1/30 18:15,2310
1,2020/1/30 18:30,4220
1,2020/1/30 18:45,3026
1,2020/1/30 19:00,986
1,2020/1/30 19:15,1011
1,2020/1/30 19:30,323
1,2020/1/30 19:45,-254
1,2020/1/30 20:00,-283
1,2020/1/30 20:15,-345
1,2020/1/30 20:30,-334
1,2020/1/30 20:45,713
1,2020/1/30 21:00,1706
1,2020/1/30 21:15,1833
1,2020/1/30 21:30,152
1,2020/1/30 21:45,585
1,2020/1/30 22:00,140
1,2020/1/30 22:15,10
1,2020/1/30 22:30,62
1,2020/1/30 22:45,-277
1,2020/1/30 23:00,-299
1,2020/1/30 23:15,-32
1,2020/1/30 23:30,1267
1,2020/1/30 23:45,2855
1,2020/1/31 0:00,2487
1,2020/1/31 0:15,342
1,2020/1/31 0:30,-58
1,2020/1/31 0:45,-173
1,2020/1/31 1:00,-314
1,2020/1/31 1:15,-286
1,2020/1/31 1:30,-332
1,2020/1/31 1:45,-314
1,2020/1/31 2:00,9
1,2020/1/31 2:15,6130
1,2020/1/31 2:30,6160
1,2020/1/31 2:45,5950
1,2020/1/31 3:00,2807
1,2020/1/31 3:15,-212
1,2020/1/31 3:30,-326
1,2020/1/31 3:45,-369
1,2020/1/31 4:00,-339
1,2020/1/31 4:15,-320
1,2020/1/31 4:30,-294
1,2020/1/31 4:45,-286
1,2020/1/31 5:00,-294
1,2020/1/31 5:15,-256
1,2020/1/31 5:30,-348
1,2020/1/31 5:45,-272
1,2020/1/31 6:00,-151
1,2020/1/31 6:15,3319
1,2020/1/31 6:30,1816
1,2020/1/31 6:45,1332
1,2020/1/31 7:00,344
1,2020/1/31 7:15,55
1,2020/1/31 7:30,490
1,2020/1/31 7:45,2349
1,2020/1/31 8:00,5870
1,2020/1/31 8:15,9032
1,2020/1/31 8:30,9705
1,2020/1/31 8:45,10872
1,2020/1/31 9:00,9879
1,2020/1/31 9:15,10393
1,2020/1/31 9:30,8954
1,2020/1/31 9:45,5539
1,2020/1/31 10:00,4771
1,2020/1/31 10:15,2135
1,2020/1/31 10:30,920
1,2020/1/31 10:45,208
1,2020/1/31 11:00,208
1,2020/1/31 11:15,-263
1,2020/1/31 11:30,-62
1,2020/1/31 11:45,6448
1,2020/1/31 12:00,9460
1,2020/1/31 12:15,12674
1,2020/1/31 12:30,14298
1,2020/1/31 12:45,22046
1,2020/1/31 13:00,18911
1,2020/1/31 13:15,20790
1,2020/1/31 13:30,18845
1,2020/1/31 13:45,26102
1,2020/1/31 14:00,24135
1,2020/1/31 14:15,24090
1,2020/1/31 14:30,28620
1,2020/1/31 14:45,24475
1,2020/1/31 15:00,24411
1,2020/1/31 15:15,25489
1,2020/1/31 15:30,27547
1,2020/1/31 15:45,27636
1,2020/1/31 16:00,30583
1,2020/1/31 16:15,23694
1,2020/1/31 16:30,20730
1,2020/1/31 16:45,19705
1,2020/1/31 17:00,21187
1,2020/1/31 17:15,26490
1,2020/1/31 17:30,31338
1,2020/1/31 17:45,32083
1,2020/1/31 18:00,36935
1,2020/1/31 18:15,38866
1,2020/1/31 18:30,39106
1,2020/1/31 18:45,42013
1,2020/1/31 19:00,49684
1,2020/1/31 19:15,49796
1,2020/1/31 19:30,57404
1,2020/1/31 19:45,65489
1,2020/1/31 20:00,71971
1,2020/1/31 20:15,66358
1,2020/1/31 20:30,57826
1,2020/1/31 20:45,56111
1,2020/1/31 21:00,61986
1,2020/1/31 21:15,65647
1,2020/1/31 21:30,63133
1,2020/1/31 21:45,65794
1,2020/1/31 22:00,66374
1,2020/1/31 22:15,65660
1,2020/1/31 22:30,59917
1,2020/1/31 22:45,61928
1,2020/1/31 23:00,64125
1,2020/1/31 23:15,62557
1,2020/1/31 23:30,63388
1,2020/1/31 23:45,61227
1,2020/2/1 0:00,62000
1,2020/2/1 0:15,64857
1,2020/2/1 0:30,71046
1,2020/2/1 0:45,71856
1,2020/2/1 1:00,71486
1,2020/2/1 1:15,73959
1,2020/2/1 1:30,62663
1,2020/2/1 1:45,52876
1,2020/2/1 2:00,55944
1,2020/2/1 2:15,55496
1,2020/2/1 2:30,49072
1,2020/2/1 2:45,45009
1,2020/2/1 3:00,46715
1,2020/2/1 3:15,56627
1,2020/2/1 3:30,63733
1,2020/2/1 3:45,65088
1,2020/2/1 4:00,72223
1,2020/2/1 4:15,69122
1,2020/2/1 4:30,64359
1,2020/2/1 4:45,65511
1,2020/2/1 5:00,68354
1,2020/2/1 5:15,78914
1,2020/2/1 5:30,84385
1,2020/2/1 5:45,86067
1,2020/2/1 6:00,82166
1,2020/2/1 6:15,68204
1,2020/2/1 6:30,53986
1,2020/2/1 6:45,46734
1,2020/2/1 7:00,45937
1,2020/2/1 7:15,45036
1,2020/2/1 7:30,48780
1,2020/2/1 7:45,46148
1,2020/2/1 8:00,39657
1,2020/2/1 8:15,35025
1,2020/2/1 8:30,34785
1,2020/2/1 8:45,36557
1,2020/2/1 9:00,27697
1,2020/2/1 9:15,20940
1,2020/2/1 9:30,12351
1,2020/2/1 9:45,7212
1,2020/2/1 10:00,2690
1,2020/2/1 10:15,-113
1,2020/2/1 10:30,-89
1,2020/2/1 10:45,125
1,2020/2/1 11:00,854
1,2020/2/1 11:15,5357
1,2020/2/1 11:30,37181
1,2020/2/1 11:45,40313
1,2020/2/1 12:00,39416
1,2020/2/1 12:15,31010
1,2020/2/1 12:30,29203
1,2020/2/1 12:45,22965
1,2020/2/1 13:00,25717
1,2020/2/1 13:15,21415
1,2020/2/1 13:30,15855
1,2020/2/1 13:45,15725
1,2020/2/1 14:00,14079
1,2020/2/1 14:15,15256
1,2020/2/1 14:30,14596
1,2020/2/1 14:45,15615
1,2020/2/1 15:00,16122
1,2020/2/1 15:15,14863
1,2020/2/1 15:30,11866
1,2020/2/1 15:45,8186
1,2020/2/1 16:00,9929
1,2020/2/1 16:15,15792
1,2020/2/1 16:30,19261
1,2020/2/1 16:45,22623
1,2020/2/1 17:00,18284
1,2020/2/1 17:15,19237
1,2020/2/1 17:30,21198
1,2020/2/1 17:45,31748
1,2020/2/1 18:00,30920
1,2020/2/1 18:15,29328
1,2020/2/1 18:30,29942
1,2020/2/1 18:45,34979
1,2020/2/1 19:00,43964
1,2020/2/1 19:15,60522
1,2020/2/1 19:30,64887
1,2020/2/1 19:45,67223
1,2020/2/1 20:00,69992
1,2020/2/1 20:15,72035
1,2020/2/1 20:30,71525
1,2020/2/1 20:45,76109
1,2020/2/1 21:00,75541
1,2020/2/1 21:15,88978
1,2020/2/1 21:30,79716
1,2020/2/1 21:45,80570
1,2020/2/1 22:00,79354
1,2020/2/1 22:15,80290
1,2020/2/1 22:30,75033
1,2020/2/1 22:45,61303
1,2020/2/1 23:00,52242
1,2020/2/1 23:15,53501
1,2020/2/1 23:30,55311
1,2020/2/1 23:45,60184
1,2020/2/2 0:00,55837
1,2020/2/2 0:15,57628
1,2020/2/2 0:30,53664
1,2020/2/2 0:45,48521
1,2020/2/2 1:00,46269
1,2020/2/2 1:15,44905
1,2020/2/2 1:30,53680
1,2020/2/2 1:45,49800
1,2020/2/2 2:00,50961
1,2020/2/2 2:15,53590
1,2020/2/2 2:30,57823
1,2020/2/2 2:45,60679
1,2020/2/2 3:00,59129
1,2020/2/2 3:15,57930
1,2020/2/2 3:30,43841
1,2020/2/2 3:45,39292
1,2020/2/2 4:00,37549
1,2020/2/2 4:15,37028
1,2020/2/2 4:30,35697
1,2020/2/2 4:45,31890
1,2020/2/2 5:00,30375
1,2020/2/2 5:15,27101
1,2020/2/2 5:30,24025
1,2020/2/2 5:45,20009
1,2020/2/2 6:00,17169
1,2020/2/2 6:15,12323
1,2020/2/2 6:30,9213
1,2020/2/2 6:45,7527
1,2020/2/2 7:00,5784
1,2020/2/2 7:15,4734
1,2020/2/2 7:30,4879
1,2020/2/2 7:45,4838
1,2020/2/2 8:00,1238
1,2020/2/2 8:15,248
1,2020/2/2 8:30,458
1,2020/2/2 8:45,705
1,2020/2/2 9:00,-344
1,2020/2/2 9:15,-383
1,2020/2/2 9:30,-373
1,2020/2/2 9:45,-388
1,2020/2/2 10:00,-405
1,2020/2/2 10:15,-388
1,2020/2/2 10:30,-365
1,2020/2/2 10:45,-39
1,2020/2/2 11:00,-210
1,2020/2/2 11:15,-238
1,2020/2/2 11:30,-405
1,2020/2/2 11:45,-347
1,2020/2/2 12:00,-287
1,2020/2/2 12:15,-387
1,2020/2/2 12:30,-306
1,2020/2/2 12:45,-399
1,2020/2/2 13:00,-431
1,2020/2/2 13:15,-306
1,2020/2/2 13:30,-386
1,2020/2/2 13:45,-386
1,2020/2/2 14:00,-349
1,2020/2/2 14:15,-297
1,2020/2/2 14:30,-250
1,2020/2/2 14:45,-381
1,2020/2/2 15:00,-242
1,2020/2/2 15:15,-384
1,2020/2/2 15:30,-354
1,2020/2/2 15:45,-334
1,2020/2/2 16:00,-375
1,2020/2/2 16:15,-342
1,2020/2/2 16:30,-297
1,2020/2/2 16:45,-265
1,2020/2/2 17:00,-245
1,2020/2/2 17:15,-287
1,2020/2/2 17:30,-281
1,2020/2/2 17:45,-281
1,2020/2/2 18:00,-299
1,2020/2/2 18:15,-230
1,2020/2/2 18:30,308
1,2020/2/2 18:45,1458
1,2020/2/2 19:00,3929
1,2020/2/2 19:15,2461
1,2020/2/2 19:30,372
1,2020/2/2 19:45,-61
1,2020/2/2 20:00,-158
1,2020/2/2 20:15,-224
1,2020/2/2 20:30,-55
1,2020/2/2 20:45,81
1,2020/2/2 21:00,508
1,2020/2/2 21:15,42
1,2020/2/2 21:30,3223
1,2020/2/2 21:45,7555
1,2020/2/2 22:00,7887
1,2020/2/2 22:15,13745
1,2020/2/2 22:30,12569
1,2020/2/2 22:45,14637
1,2020/2/2 23:00,15096
1,2020/2/2 23:15,16567
1,2020/2/2 23:30,19682
1,2020/2/2 23:45,23233
1,2020/2/3 0:00,26695
1,2020/2/3 0:15,28245
1,2020/2/3 0:30,37475
1,2020/2/3 0:45,45818
1,2020/2/3 1:00,49847
1,2020/2/3 1:15,59683
1,2020/2/3 1:30,61075
1,2020/2/3 1:45,59897
1,2020/2/3 2:00,60244
1,2020/2/3 2:15,61113
1,2020/2/3 2:30,62718
1,2020/2/3 2:45,59503
1,2020/2/3 3:00,49950
1,2020/2/3 3:15,48111
1,2020/2/3 3:30,49547
1,2020/2/3 3:45,56360
1,2020/2/3 4:00,55608
1,2020/2/3 4:15,45389
1,2020/2/3 4:30,44528
1,2020/2/3 4:45,45795
1,2020/2/3 5:00,42105
1,2020/2/3 5:15,37926
1,2020/2/3 5:30,35365
1,2020/2/3 5:45,34218
1,2020/2/3 6:00,32941
1,2020/2/3 6:15,37693
1,2020/2/3 6:30,34838
1,2020/2/3 6:45,36284
1,2020/2/3 7:00,43864
1,2020/2/3 7:15,44475
1,2020/2/3 7:30,37601
1,2020/2/3 7:45,40317
1,2020/2/3 8:00,37664
1,2020/2/3 8:15,39204
1,2020/2/3 8:30,46980
1,2020/2/3 8:45,34953
1,2020/2/3 9:00,27446
1,2020/2/3 9:15,24714
1,2020/2/3 9:30,23478
1,2020/2/3 9:45,22092
1,2020/2/3 10:00,24197
1,2020/2/3 10:15,25317
1,2020/2/3 10:30,18910
1,2020/2/3 10:45,18116
1,2020/2/3 11:00,18260
1,2020/2/3 11:15,22752
1,2020/2/3 11:30,36757
1,2020/2/3 11:45,26044
1,2020/2/3 12:00,11707
1,2020/2/3 12:15,6949
1,2020/2/3 12:30,4826
1,2020/2/3 12:45,6248
1,2020/2/3 13:00,21079
1,2020/2/3 13:15,17959
1,2020/2/3 13:30,22334
1,2020/2/3 13:45,24877
1,2020/2/3 14:00,18814
1,2020/2/3 14:15,11410
1,2020/2/3 14:30,12882
1,2020/2/3 14:45,10870
1,2020/2/3 15:00,13873
1,2020/2/3 15:15,24729
1,2020/2/3 15:30,33532
1,2020/2/3 15:45,26778
1,2020/2/3 16:00,28664
1,2020/2/3 16:15,25585
1,2020/2/3 16:30,20715
1,2020/2/3 16:45,17740
1,2020/2/3 17:00,12436
1,2020/2/3 17:15,12542
1,2020/2/3 17:30,13397
1,2020/2/3 17:45,17126
1,2020/2/3 18:00,20587
1,2020/2/3 18:15,24739
1,2020/2/3 18:30,33710
1,2020/2/3 18:45,43711
1,2020/2/3 19:00,50689
1,2020/2/3 19:15,46784
1,2020/2/3 19:30,45670
1,2020/2/3 19:45,62460
1,2020/2/3 20:00,53334
1,2020/2/3 20:15,42171
1,2020/2/3 20:30,40464
1,2020/2/3 20:45,35675
1,2020/2/3 21:00,36501
1,2020/2/3 21:15,44997
1,2020/2/3 21:30,54369
1,2020/2/3 21:45,43275
1,2020/2/3 22:00,40270
1,2020/2/3 22:15,47876
1,2020/2/3 22:30,64781
1,2020/2/3 22:45,54248
1,2020/2/3 23:00,47871
1,2020/2/3 23:15,45406
1,2020/2/3 23:30,52250
1,2020/2/3 23:45,54098
1,2020/2/4 0:00,49202
1,2020/2/4 0:15,54710
1,2020/2/4 0:30,42808
1,2020/2/4 0:45,57262
1,2020/2/4 1:00,49476
1,2020/2/4 1:15,44691
1,2020/2/4 1:30,42490
1,2020/2/4 1:45,46646
1,2020/2/4 2:00,52443
1,2020/2/4 2:15,51945
1,2020/2/4 2:30,42910
1,2020/2/4 2:45,41298
1,2020/2/4 3:00,45980
1,2020/2/4 3:15,46552
1,2020/2/4 3:30,36939
1,2020/2/4 3:45,37489
1,2020/2/4 4:00,23662
1,2020/2/4 4:15,24716
1,2020/2/4 4:30,30228
1,2020/2/4 4:45,24386
1,2020/2/4 5:00,21843
1,2020/2/4 5:15,10214
1,2020/2/4 5:30,9193
1,2020/2/4 5:45,10458
1,2020/2/4 6:00,8037
1,2020/2/4 6:15,8247
1,2020/2/4 6:30,7693
1,2020/2/4 6:45,6963
1,2020/2/4 7:00,4056
1,2020/2/4 7:15,3621
1,2020/2/4 7:30,1839
1,2020/2/4 7:45,515
1,2020/2/4 8:00,530
1,2020/2/4 8:15,765
1,2020/2/4 8:30,638
1,2020/2/4 8:45,437
1,2020/2/4 9:00,789
1,2020/2/4 9:15,395
1,2020/2/4 9:30,-158
1,2020/2/4 9:45,-171
1,2020/2/4 10:00,-350
1,2020/2/4 10:15,-261
1,2020/2/4 10:30,284
1,2020/2/4 10:45,587
1,2020/2/4 11:00,0
1,2020/2/4 11:15,-244
1,2020/2/4 11:30,-314
1,2020/2/4 11:45,-349
1,2020/2/4 12:00,-183
1,2020/2/4 12:15,1304
1,2020/2/4 12:30,1759
1,2020/2/4 12:45,3032
1,2020/2/4 13:00,1236
1,2020/2/4 13:15,2232
1,2020/2/4 13:30,939
1,2020/2/4 13:45,212
1,2020/2/4 14:00,893
1,2020/2/4 14:15,2542
1,2020/2/4 14:30,4154
1,2020/2/4 14:45,6558
1,2020/2/4 15:00,4635
1,2020/2/4 15:15,7096
1,2020/2/4 15:30,9711
1,2020/2/4 15:45,11343
1,2020/2/4 16:00,12785
1,2020/2/4 16:15,13635
1,2020/2/4 16:30,13367
1,2020/2/4 16:45,12069
1,2020/2/4 17:00,6751
1,2020/2/4 17:15,5227
1,2020/2/4 17:30,5809
1,2020/2/4 17:45,5259
1,2020/2/4 18:00,3829
1,2020/2/4 18:15,3317
1,2020/2/4 18:30,6042
1,2020/2/4 18:45,4609
1,2020/2/4 19:00,6293
1,2020/2/4 19:15,7855
1,2020/2/4 19:30,9083
1,2020/2/4 19:45,8736
1,2020/2/4 20:00,13767
1,2020/2/4 20:15,8253
1,2020/2/4 20:30,6117
1,2020/2/4 20:45,9882
1,2020/2/4 21:00,7591
1,2020/2/4 21:15,6815
1,2020/2/4 21:30,6482
1,2020/2/4 21:45,7619
1,2020/2/4 22:00,10607
1,2020/2/4 22:15,11595
1,2020/2/4 22:30,12362
1,2020/2/4 22:45,9666
1,2020/2/4 23:00,10322
1,2020/2/4 23:15,21832
1,2020/2/4 23:30,28931
1,2020/2/4 23:45,27328
1,2020/2/5 0:00,25121
1,2020/2/5 0:15,35135
1,2020/2/5 0:30,37027
1,2020/2/5 0:45,30294
1,2020/2/5 1:00,31703
1,2020/2/5 1:15,36955
1,2020/2/5 1:30,41499
1,2020/2/5 1:45,46869
1,2020/2/5 2:00,47268
1,2020/2/5 2:15,46298
1,2020/2/5 2:30,45596
1,2020/2/5 2:45,46190
1,2020/2/5 3:00,40500
1,2020/2/5 3:15,35248
1,2020/2/5 3:30,31813
1,2020/2/5 3:45,25061
1,2020/2/5 4:00,27369
1,2020/2/5 4:15,30494
1,2020/2/5 4:30,33901
1,2020/2/5 4:45,38234
1,2020/2/5 5:00,36553
1,2020/2/5 5:15,29680
1,2020/2/5 5:30,32816
1,2020/2/5 5:45,35504
1,2020/2/5 6:00,33825
1,2020/2/5 6:15,38683
1,2020/2/5 6:30,47980
1,2020/2/5 6:45,46609
1,2020/2/5 7:00,43970
1,2020/2/5 7:15,51195
1,2020/2/5 7:30,57110
1,2020/2/5 7:45,54102
1,2020/2/5 8:00,42931
1,2020/2/5 8:15,35554
1,2020/2/5 8:30,45949
1,2020/2/5 8:45,33705
1,2020/2/5 9:00,29742
1,2020/2/5 9:15,24813
1,2020/2/5 9:30,18820
1,2020/2/5 9:45,22112
1,2020/2/5 10:00,20334
1,2020/2/5 10:15,20395
1,2020/2/5 10:30,16730
1,2020/2/5 10:45,19214
1,2020/2/5 11:00,23027
1,2020/2/5 11:15,17061
1,2020/2/5 11:30,17959
1,2020/2/5 11:45,18356
1,2020/2/5 12:00,17091
1,2020/2/5 12:15,15281
1,2020/2/5 12:30,16438
1,2020/2/5 12:45,17909
1,2020/2/5 13:00,16525
1,2020/2/5 13:15,19293
1,2020/2/5 13:30,22377
1,2020/2/5 13:45,32163
1,2020/2/5 14:00,36770
1,2020/2/5 14:15,32208
1,2020/2/5 14:30,35652
1,2020/2/5 14:45,46375
1,2020/2/5 15:00,47863
1,2020/2/5 15:15,40609
1,2020/2/5 15:30,36251
1,2020/2/5 15:45,37321
1,2020/2/5 16:00,37190
1,2020/2/5 16:15,34893
1,2020/2/5 16:30,39491
1,2020/2/5 16:45,36535
1,2020/2/5 17:00,37274
1,2020/2/5 17:15,37321
1,2020/2/5 17:30,40978
1,2020/2/5 17:45,45317
1,2020/2/5 18:00,52678
1,2020/2/5 18:15,63313
1,2020/2/5 18:30,69581
1,2020/2/5 18:45,73583
1,2020/2/5 19:00,81722
1,2020/2/5 19:15,86626
1,2020/2/5 19:30,80623
1,2020/2/5 19:45,85038
1,2020/2/5 20:00,84303
1,2020/2/5 20:15,83028
1,2020/2/5 20:30,76304
1,2020/2/5 20:45,74896
1,2020/2/5 21:00,74738
1,2020/2/5 21:15,77029
1,2020/2/5 21:30,82915
1,2020/2/5 21:45,90586
1,2020/2/5 22:00,93856
1,2020/2/5 22:15,91956
1,2020/2/5 22:30,90939
1,2020/2/5 22:45,91565
1,2020/2/5 23:00,89335
1,2020/2/5 23:15,78612
1,2020/2/5 23:30,73146
1,2020/2/5 23:45,68840
1,2020/2/6 0:00,68662
1,2020/2/6 0:15,68940
1,2020/2/6 0:30,68873
1,2020/2/6 0:45,65464
1,2020/2/6 1:00,62717
1,2020/2/6 1:15,64545
1,2020/2/6 1:30,63285
1,2020/2/6 1:45,66311
1,2020/2/6 2:00,72116
1,2020/2/6 2:15,78675
1,2020/2/6 2:30,74953
1,2020/2/6 2:45,74474
1,2020/2/6 3:00,69938
1,2020/2/6 3:15,74440
1,2020/2/6 3:30,68904
1,2020/2/6 3:45,65361
1,2020/2/6 4:00,66433
1,2020/2/6 4:15,72757
1,2020/2/6 4:30,77028
1,2020/2/6 4:45,75781
1,2020/2/6 5:00,75810
1,2020/2/6 5:15,82118
1,2020/2/6 5:30,81799
1,2020/2/6 5:45,86111
1,2020/2/6 6:00,82071
1,2020/2/6 6:15,85043
1,2020/2/6 6:30,85634
1,2020/2/6 6:45,81286
1,2020/2/6 7:00,87088
1,2020/2/6 7:15,92008
1,2020/2/6 7:30,87951
1,2020/2/6 7:45,88168
1,2020/2/6 8:00,84318
1,2020/2/6 8:15,80040
1,2020/2/6 8:30,72074
1,2020/2/6 8:45,61348
1,2020/2/6 9:00,50743
1,2020/2/6 9:15,41437
1,2020/2/6 9:30,36973
1,2020/2/6 9:45,39899
1,2020/2/6 10:00,39788
1,2020/2/6 10:15,36754
1,2020/2/6 10:30,34301
1,2020/2/6 10:45,34187
1,2020/2/6 11:00,33628
1,2020/2/6 11:15,34639
1,2020/2/6 11:30,34287
1,2020/2/6 11:45,32641
1,2020/2/6 12:00,27889
1,2020/2/6 12:15,30209
1,2020/2/6 12:30,31160
1,2020/2/6 12:45,31065
1,2020/2/6 13:00,37165
1,2020/2/6 13:15,35402
1,2020/2/6 13:30,35000
1,2020/2/6 13:45,26609
1,2020/2/6 14:00,35186
1,2020/2/6 14:15,36139
1,2020/2/6 14:30,24288
1,2020/2/6 14:45,22040
1,2020/2/6 15:00,27027
1,2020/2/6 15:15,26629
1,2020/2/6 15:30,24631
1,2020/2/6 15:45,26914
1,2020/2/6 16:00,20203
1,2020/2/6 16:15,17053
1,2020/2/6 16:30,9298
1,2020/2/6 16:45,9984
1,2020/2/6 17:00,13144
1,2020/2/6 17:15,15591
1,2020/2/6 17:30,15909
1,2020/2/6 17:45,19294
1,2020/2/6 18:00,22455
1,2020/2/6 18:15,32661
1,2020/2/6 18:30,34829
1,2020/2/6 18:45,32779
1,2020/2/6 19:00,30347
1,2020/2/6 19:15,31507
1,2020/2/6 19:30,34311
1,2020/2/6 19:45,42147
1,2020/2/6 20:00,40299
1,2020/2/6 20:15,34572
1,2020/2/6 20:30,30073
1,2020/2/6 20:45,26846
1,2020/2/6 21:00,19744
1,2020/2/6 21:15,22770
1,2020/2/6 21:30,23538
1,2020/2/6 21:45,19709
1,2020/2/6 22:00,9774
1,2020/2/6 22:15,2245
1,2020/2/6 22:30,2787
1,2020/2/6 22:45,12711
1,2020/2/6 23:00,19755
1,2020/2/6 23:15,22506
1,2020/2/6 23:30,22136
1,2020/2/6 23:45,22596
1,2020/2/7 0:00,20391
1,2020/2/7 0:15,18752
1,2020/2/7 0:30,29161
1,2020/2/7 0:45,40812
1,2020/2/7 1:00,36721
1,2020/2/7 1:15,35019
1,2020/2/7 1:30,36336
1,2020/2/7 1:45,41284
1,2020/2/7 2:00,42338
1,2020/2/7 2:15,42250
1,2020/2/7 2:30,35741
1,2020/2/7 2:45,28834
1,2020/2/7 3:00,27844
1,2020/2/7 3:15,21716
1,2020/2/7 3:30,13169
1,2020/2/7 3:45,8059
1,2020/2/7 4:00,6805
1,2020/2/7 4:15,4069
1,2020/2/7 4:30,3856
1,2020/2/7 4:45,2618
1,2020/2/7 5:00,1381
1,2020/2/7 5:15,267
1,2020/2/7 5:30,-287
1,2020/2/7 5:45,-333
1,2020/2/7 6:00,-304
1,2020/2/7 6:15,-304
1,2020/2/7 6:30,-309
1,2020/2/7 6:45,-286
1,2020/2/7 7:00,-299
1,2020/2/7 7:15,-492
1,2020/2/7 7:30,57
1,2020/2/7 7:45,5580
1,2020/2/7 8:00,15756
1,2020/2/7 8:15,38173
1,2020/2/7 8:30,71746
1,2020/2/7 8:45,82229
1,2020/2/7 9:00,73564
1,2020/2/7 9:15,72393
1,2020/2/7 9:30,85372
1,2020/2/7 9:45,88531
1,2020/2/7 10:00,88947
1,2020/2/7 10:15,82290
1,2020/2/7 10:30,84783
1,2020/2/7 10:45,89266
1,2020/2/7 11:00,91006
1,2020/2/7 11:15,91277
1,2020/2/7 11:30,87105
1,2020/2/7 11:45,89973
1,2020/2/7 12:00,86271
1,2020/2/7 12:15,85690
1,2020/2/7 12:30,78885
1,2020/2/7 12:45,84092
1,2020/2/7 13:00,88570
1,2020/2/7 13:15,91299
1,2020/2/7 13:30,90474
1,2020/2/7 13:45,87278
1,2020/2/7 14:00,85195
1,2020/2/7 14:15,88074
1,2020/2/7 14:30,84017
1,2020/2/7 14:45,84817
1,2020/2/7 15:00,76827
1,2020/2/7 15:15,61739
1,2020/2/7 15:30,57317
1,2020/2/7 15:45,55778
1,2020/2/7 16:00,51103
1,2020/2/7 16:15,45275
1,2020/2/7 16:30,40004
1,2020/2/7 16:45,41880
1,2020/2/7 17:00,43673
1,2020/2/7 17:15,43174
1,2020/2/7 17:30,45123
1,2020/2/7 17:45,35935
1,2020/2/7 18:00,29962
1,2020/2/7 18:15,24532
1,2020/2/7 18:30,19632
1,2020/2/7 18:45,22414
1,2020/2/7 19:00,22050
1,2020/2/7 19:15,32530
1,2020/2/7 19:30,33085
1,2020/2/7 19:45,31626
1,2020/2/7 20:00,33351
1,2020/2/7 20:15,32524
1,2020/2/7 20:30,36235
1,2020/2/7 20:45,42174
1,2020/2/7 21:00,42010
1,2020/2/7 21:15,38301
1,2020/2/7 21:30,38349
1,2020/2/7 21:45,36952
1,2020/2/7 22:00,42638
1,2020/2/7 22:15,54297
1,2020/2/7 22:30,46247
1,2020/2/7 22:45,43600
1,2020/2/7 23:00,38371
1,2020/2/7 23:15,38286
1,2020/2/7 23:30,39630
1,2020/2/7 23:45,35085
1,2020/2/8 0:00,31319
1,2020/2/8 0:15,39853
1,2020/2/8 0:30,43375
1,2020/2/8 0:45,39414
1,2020/2/8 1:00,41936
1,2020/2/8 1:15,48619
1,2020/2/8 1:30,49027
1,2020/2/8 1:45,42059
1,2020/2/8 2:00,45757
1,2020/2/8 2:15,41510
1,2020/2/8 2:30,37561
1,2020/2/8 2:45,36915
1,2020/2/8 3:00,35774
1,2020/2/8 3:15,38707
1,2020/2/8 3:30,38709
1,2020/2/8 3:45,41869
1,2020/2/8 4:00,44836
1,2020/2/8 4:15,47271
1,2020/2/8 4:30,45494
1,2020/2/8 4:45,46552
1,2020/2/8 5:00,43278
1,2020/2/8 5:15,30689
1,2020/2/8 5:30,33570
1,2020/2/8 5:45,35281
1,2020/2/8 6:00,36425
1,2020/2/8 6:15,33975
1,2020/2/8 6:30,27786
1,2020/2/8 6:45,26628
1,2020/2/8 7:00,29788
1,2020/2/8 7:15,28505
1,2020/2/8 7:30,23538
1,2020/2/8 7:45,21704
1,2020/2/8 8:00,19403
1,2020/2/8 8:15,14912
1,2020/2/8 8:30,11828
1,2020/2/8 8:45,8751
1,2020/2/8 9:00,3949
1,2020/2/8 9:15,400
1,2020/2/8 9:30,-37
1,2020/2/8 9:45,-235
1,2020/2/8 10:00,-343
1,2020/2/8 10:15,-364
1,2020/2/8 10:30,-45
1,2020/2/8 10:45,-367
1,2020/2/8 11:00,-322
1,2020/2/8 11:15,-303
1,2020/2/8 11:30,-250
1,2020/2/8 11:45,-339
1,2020/2/8 12:00,90
1,2020/2/8 12:15,1497
1,2020/2/8 12:30,2303
1,2020/2/8 12:45,4536
1,2020/2/8 13:00,4117
1,2020/2/8 13:15,6204
1,2020/2/8 13:30,9497
1,2020/2/8 13:45,7681
1,2020/2/8 14:00,7711
1,2020/2/8 14:15,7489
1,2020/2/8 14:30,4503
1,2020/2/8 14:45,2169
1,2020/2/8 15:00,935
1,2020/2/8 15:15,925
1,2020/2/8 15:30,517
1,2020/2/8 15:45,5261
1,2020/2/8 16:00,9078
1,2020/2/8 16:15,14082
1,2020/2/8 16:30,14632
1,2020/2/8 16:45,13056
1,2020/2/8 17:00,8874
1,2020/2/8 17:15,6725
1,2020/2/8 17:30,8884
1,2020/2/8 17:45,8077
1,2020/2/8 18:00,5930
1,2020/2/8 18:15,7880
1,2020/2/8 18:30,9499
1,2020/2/8 18:45,13826
1,2020/2/8 19:00,17230
1,2020/2/8 19:15,20990
1,2020/2/8 19:30,22220
1,2020/2/8 19:45,23902
1,2020/2/8 20:00,24486
1,2020/2/8 20:15,30869
1,2020/2/8 20:30,34093
1,2020/2/8 20:45,39021
1,2020/2/8 21:00,37697
1,2020/2/8 21:15,40229
1,2020/2/8 21:30,43619
1,2020/2/8 21:45,42515
1,2020/2/8 22:00,40049
1,2020/2/8 22:15,35596
1,2020/2/8 22:30,37576
1,2020/2/8 22:45,43864
1,2020/2/8 23:00,39698
1,2020/2/8 23:15,47066
1,2020/2/8 23:30,47497
1,2020/2/8 23:45,45419
1,2020/2/9 0:00,45944
1,2020/2/9 0:15,44282
1,2020/2/9 0:30,38550
1,2020/2/9 0:45,26297
1,2020/2/9 1:00,32034
1,2020/2/9 1:15,30971
1,2020/2/9 1:30,20742
1,2020/2/9 1:45,13734
1,2020/2/9 2:00,10951
1,2020/2/9 2:15,12288
1,2020/2/9 2:30,8874
1,2020/2/9 2:45,8394
1,2020/2/9 3:00,8686
1,2020/2/9 3:15,12893
1,2020/2/9 3:30,15146
1,2020/2/9 3:45,17047
1,2020/2/9 4:00,22101
1,2020/2/9 4:15,23708
1,2020/2/9 4:30,24395
1,2020/2/9 4:45,15490
1,2020/2/9 5:00,13696
1,2020/2/9 5:15,16567
1,2020/2/9 5:30,13968
1,2020/2/9 5:45,17701
1,2020/2/9 6:00,18043
1,2020/2/9 6:15,19557
1,2020/2/9 6:30,22384
1,2020/2/9 6:45,17692
1,2020/2/9 7:00,17251
1,2020/2/9 7:15,14051
1,2020/2/9 7:30,11958
1,2020/2/9 7:45,13042
1,2020/2/9 8:00,11421
1,2020/2/9 8:15,9280
1,2020/2/9 8:30,13053
1,2020/2/9 8:45,8917
1,2020/2/9 9:00,8185
1,2020/2/9 9:15,6833
1,2020/2/9 9:30,8672
1,2020/2/9 9:45,9656
1,2020/2/9 10:00,10469
1,2020/2/9 10:15,14787
1,2020/2/9 10:30,14660
1,2020/2/9 10:45,12100
1,2020/2/9 11:00,15319
1,2020/2/9 11:15,12527
1,2020/2/9 11:30,13094
1,2020/2/9 11:45,13054
1,2020/2/9 12:00,9896
1,2020/2/9 12:15,11660
1,2020/2/9 12:30,12989
1,2020/2/9 12:45,11518
1,2020/2/9 13:00,12205
1,2020/2/9 13:15,14120
1,2020/2/9 13:30,15115
1,2020/2/9 13:45,16981
1,2020/2/9 14:00,13528
1,2020/2/9 14:15,10684
1,2020/2/9 14:30,12239
1,2020/2/9 14:45,13069
1,2020/2/9 15:00,11682
1,2020/2/9 15:15,11147
1,2020/2/9 15:30,10078
1,2020/2/9 15:45,8775
1,2020/2/9 16:00,7871
1,2020/2/9 16:15,7602
1,2020/2/9 16:30,7982
1,2020/2/9 16:45,9346
1,2020/2/9 17:00,12113
1,2020/2/9 17:15,14698
1,2020/2/9 17:30,16205
1,2020/2/9 17:45,17896
1,2020/2/9 18:00,14707
1,2020/2/9 18:15,11097
1,2020/2/9 18:30,9856
1,2020/2/9 18:45,10332
1,2020/2/9 19:00,17675
1,2020/2/9 19:15,19502
1,2020/2/9 19:30,26437
1,2020/2/9 19:45,25372
1,2020/2/9 20:00,17131
1,2020/2/9 20:15,10647
1,2020/2/9 20:30,3940
1,2020/2/9 20:45,2468
1,2020/2/9 21:00,3793
1,2020/2/9 21:15,1834
1,2020/2/9 21:30,1425
1,2020/2/9 21:45,1615
1,2020/2/9 22:00,3739
1,2020/2/9 22:15,6131
1,2020/2/9 22:30,8736
1,2020/2/9 22:45,12549
1,2020/2/9 23:00,14975
1,2020/2/9 23:15,24047
1,2020/2/9 23:30,29192
1,2020/2/9 23:45,27337
1,2020/2/10 0:00,24842
1,2020/2/10 0:15,23062
1,2020/2/10 0:30,23046
1,2020/2/10 0:45,23271
1,2020/2/10 1:00,21924
1,2020/2/10 1:15,22388
1,2020/2/10 1:30,24253
1,2020/2/10 1:45,21376
1,2020/2/10 2:00,17362
1,2020/2/10 2:15,9635
1,2020/2/10 2:30,5765
1,2020/2/10 2:45,2833
1,2020/2/10 3:00,1091
1,2020/2/10 3:15,1400
1,2020/2/10 3:30,4663
1,2020/2/10 3:45,7258
1,2020/2/10 4:00,14733
1,2020/2/10 4:15,14144
1,2020/2/10 4:30,19121
1,2020/2/10 4:45,25574
1,2020/2/10 5:00,24344
1,2020/2/10 5:15,16377
1,2020/2/10 5:30,14950
1,2020/2/10 5:45,12779
1,2020/2/10 6:00,9929
1,2020/2/10 6:15,8361
1,2020/2/10 6:30,5534
1,2020/2/10 6:45,5632
1,2020/2/10 7:00,7038
1,2020/2/10 7:15,3504
1,2020/2/10 7:30,-254
1,2020/2/10 7:45,-256
1,2020/2/10 8:00,-363
1,2020/2/10 8:15,949
1,2020/2/10 8:30,5091
1,2020/2/10 8:45,4091
1,2020/2/10 9:00,1671
1,2020/2/10 9:15,-318
1,2020/2/10 9:30,-327
1,2020/2/10 9:45,-355
1,2020/2/10 10:00,-304
1,2020/2/10 10:15,-374
1,2020/2/10 10:30,-327
1,2020/2/10 10:45,-362
1,2020/2/10 11:00,-329
1,2020/2/10 11:15,-307
1,2020/2/10 11:30,-355
1,2020/2/10 11:45,-304
1,2020/2/10 12:00,-353
1,2020/2/10 12:15,-316
1,2020/2/10 12:30,-359
1,2020/2/10 12:45,-305
1,2020/2/10 13:00,-292
1,2020/2/10 13:15,-382
1,2020/2/10 13:30,-314
1,2020/2/10 13:45,-359
1,2020/2/10 14:00,-359
1,2020/2/10 14:15,-372
1,2020/2/10 14:30,-323
1,2020/2/10 14:45,-326
1,2020/2/10 15:00,-397
1,2020/2/10 15:15,-395
1,2020/2/10 15:30,-431
1,2020/2/10 15:45,-367
1,2020/2/10 16:00,-377
1,2020/2/10 16:15,-317
1,2020/2/10 16:30,-314
1,2020/2/10 16:45,-369
1,2020/2/10 17:00,-297
1,2020/2/10 17:15,-356
1,2020/2/10 17:30,-298
1,2020/2/10 17:45,-406
1,2020/2/10 18:00,-288
1,2020/2/10 18:15,-194
1,2020/2/10 18:30,-150
1,2020/2/10 18:45,-129
1,2020/2/10 19:00,677
1,2020/2/10 19:15,3324
1,2020/2/10 19:30,6589
1,2020/2/10 19:45,6226
1,2020/2/10 20:00,10778
1,2020/2/10 20:15,13107
1,2020/2/10 20:30,22238
1,2020/2/10 20:45,27896
1,2020/2/10 21:00,27768
1,2020/2/10 21:15,35956
1,2020/2/10 21:30,42596
1,2020/2/10 21:45,47113
1,2020/2/10 22:00,46958
1,2020/2/10 22:15,50993
1,2020/2/10 22:30,43824
1,2020/2/10 22:45,41209
1,2020/2/10 23:00,36949
1,2020/2/10 23:15,38814
1,2020/2/10 23:30,45217
1,2020/2/10 23:45,57504
1,2020/2/11 0:00,62307
1,2020/2/11 0:15,53956
1,2020/2/11 0:30,56133
1,2020/2/11 0:45,57478
1,2020/2/11 1:00,42010
1,2020/2/11 1:15,29742
1,2020/2/11 1:30,19436
1,2020/2/11 1:45,14867
1,2020/2/11 2:00,10415
1,2020/2/11 2:15,9502
1,2020/2/11 2:30,12196
1,2020/2/11 2:45,14518
1,2020/2/11 3:00,19968
1,2020/2/11 3:15,21866
1,2020/2/11 3:30,26607
1,2020/2/11 3:45,26160
1,2020/2/11 4:00,16781
1,2020/2/11 4:15,16195
1,2020/2/11 4:30,17074
1,2020/2/11 4:45,16997
1,2020/2/11 5:00,10582
1,2020/2/11 5:15,8064
1,2020/2/11 5:30,5339
1,2020/2/11 5:45,1449
1,2020/2/11 6:00,84
1,2020/2/11 6:15,-385
1,2020/2/11 6:30,-205
1,2020/2/11 6:45,1053
1,2020/2/11 7:00,3065
1,2020/2/11 7:15,3095
1,2020/2/11 7:30,3519
1,2020/2/11 7:45,7850
1,2020/2/11 8:00,6751
1,2020/2/11 8:15,6401
1,2020/2/11 8:30,10909
1,2020/2/11 8:45,7263
1,2020/2/11 9:00,10231
1,2020/2/11 9:15,13059
1,2020/2/11 9:30,12192
1,2020/2/11 9:45,9167
1,2020/2/11 10:00,5787
1,2020/2/11 10:15,3764
1,2020/2/11 10:30,2242
1,2020/2/11 10:45,286
1,2020/2/11 11:00,-314
1,2020/2/11 11:15,-331
1,2020/2/11 11:30,-374
1,2020/2/11 11:45,-318
1,2020/2/11 12:00,-334
1,2020/2/11 12:15,-138
1,2020/2/11 12:30,-239
1,2020/2/11 12:45,-283
1,2020/2/11 13:00,1937
1,2020/2/11 13:15,5767
1,2020/2/11 13:30,5488
1,2020/2/11 13:45,3240
1,2020/2/11 14:00,7322
1,2020/2/11 14:15,9121
1,2020/2/11 14:30,9991
1,2020/2/11 14:45,20446
1,2020/2/11 15:00,21017
1,2020/2/11 15:15,18092
1,2020/2/11 15:30,14377
1,2020/2/11 15:45,13247
1,2020/2/11 16:00,12144
1,2020/2/11 16:15,11279
1,2020/2/11 16:30,8192
1,2020/2/11 16:45,6833
1,2020/2/11 17:00,9900
1,2020/2/11 17:15,16984
1,2020/2/11 17:30,24476
1,2020/2/11 17:45,29057
1,2020/2/11 18:00,40411
1,2020/2/11 18:15,41291
1,2020/2/11 18:30,45099
1,2020/2/11 18:45,49292
1,2020/2/11 19:00,50460
1,2020/2/11 19:15,54533
1,2020/2/11 19:30,52543
1,2020/2/11 19:45,44387
1,2020/2/11 20:00,39215
1,2020/2/11 20:15,42943
1,2020/2/11 20:30,51633
1,2020/2/11 20:45,53713
1,2020/2/11 21:00,50919
1,2020/2/11 21:15,46969
1,2020/2/11 21:30,49543
1,2020/2/11 21:45,50707
1,2020/2/11 22:00,49836
1,2020/2/11 22:15,56229
1,2020/2/11 22:30,52896
1,2020/2/11 22:45,53292
1,2020/2/11 23:00,58482
1,2020/2/11 23:15,55462
1,2020/2/11 23:30,45707
1,2020/2/11 23:45,44817
1,2020/2/12 0:00,44865
1,2020/2/12 0:15,34089
1,2020/2/12 0:30,24563
1,2020/2/12 0:45,16002
1,2020/2/12 1:00,9067
1,2020/2/12 1:15,9941
1,2020/2/12 1:30,5446
1,2020/2/12 1:45,1326
1,2020/2/12 2:00,480
1,2020/2/12 2:15,4212
1,2020/2/12 2:30,12421
1,2020/2/12 2:45,15123
1,2020/2/12 3:00,12742
1,2020/2/12 3:15,10603
1,2020/2/12 3:30,8271
1,2020/2/12 3:45,7134
1,2020/2/12 4:00,9656
1,2020/2/12 4:15,8716
1,2020/2/12 4:30,7808
1,2020/2/12 4:45,8067
1,2020/2/12 5:00,11406
1,2020/2/12 5:15,7450
1,2020/2/12 5:30,6041
1,2020/2/12 5:45,8208
1,2020/2/12 6:00,9269
1,2020/2/12 6:15,7357
1,2020/2/12 6:30,7266
1,2020/2/12 6:45,11120
1,2020/2/12 7:00,19289
1,2020/2/12 7:15,19724
1,2020/2/12 7:30,18063
1,2020/2/12 7:45,12106
1,2020/2/12 8:00,14021
1,2020/2/12 8:15,10854
1,2020/2/12 8:30,14287
1,2020/2/12 8:45,17903
1,2020/2/12 9:00,20519
1,2020/2/12 9:15,21005
1,2020/2/12 9:30,20727
1,2020/2/12 9:45,25072
1,2020/2/12 10:00,16844
1,2020/2/12 10:15,11594
1,2020/2/12 10:30,7912
1,2020/2/12 10:45,4729
1,2020/2/12 11:00,6832
1,2020/2/12 11:15,451
1,2020/2/12 11:30,-220
1,2020/2/12 11:45,1585
1,2020/2/12 12:00,6345
1,2020/2/12 12:15,11013
1,2020/2/12 12:30,17212
1,2020/2/12 12:45,17614
1,2020/2/12 13:00,23684
1,2020/2/12 13:15,22977
1,2020/2/12 13:30,22722
1,2020/2/12 13:45,23230
1,2020/2/12 14:00,25438
1,2020/2/12 14:15,24388
1,2020/2/12 14:30,21601
1,2020/2/12 14:45,19258
1,2020/2/12 15:00,14089
1,2020/2/12 15:15,15276
1,2020/2/12 15:30,13026
1,2020/2/12 15:45,10691
1,2020/2/12 16:00,10911
1,2020/2/12 16:15,12483
1,2020/2/12 16:30,10701
1,2020/2/12 16:45,12729
1,2020/2/12 17:00,9937
1,2020/2/12 17:15,11153
1,2020/2/12 17:30,14829
1,2020/2/12 17:45,16089
1,2020/2/12 18:00,19227
1,2020/2/12 18:15,17784
1,2020/2/12 18:30,16323
1,2020/2/12 18:45,14258
1,2020/2/12 19:00,17546
1,2020/2/12 19:15,16093
1,2020/2/12 19:30,15237
1,2020/2/12 19:45,12980
1,2020/2/12 20:00,8029
1,2020/2/12 20:15,3116
1,2020/2/12 20:30,200
1,2020/2/12 20:45,505
1,2020/2/12 21:00,1542
1,2020/2/12 21:15,6685
1,2020/2/12 21:30,24988
1,2020/2/12 21:45,30103
1,2020/2/12 22:00,33023
1,2020/2/12 22:15,37407
1,2020/2/12 22:30,38487
1,2020/2/12 22:45,40964
1,2020/2/12 23:00,24881
1,2020/2/12 23:15,24768
1,2020/2/12 23:30,24897
1,2020/2/12 23:45,24629
1,2020/2/13 0:00,25005
1,2020/2/13 0:15,24663
1,2020/2/13 0:30,24586
1,2020/2/13 0:45,24637
1,2020/2/13 1:00,24580
1,2020/2/13 1:15,24714
1,2020/2/13 1:30,24554
1,2020/2/13 1:45,24507
1,2020/2/13 2:00,24674
1,2020/2/13 2:15,24528
1,2020/2/13 2:30,24699
1,2020/2/13 2:45,24762
1,2020/2/13 3:00,24828
1,2020/2/13 3:15,24857
1,2020/2/13 3:30,24614
1,2020/2/13 3:45,24371
1,2020/2/13 4:00,24173
1,2020/2/13 4:15,19676
1,2020/2/13 4:30,15643
1,2020/2/13 4:45,15226
1,2020/2/13 5:00,17177
1,2020/2/13 5:15,11570
1,2020/2/13 5:30,10104
1,2020/2/13 5:45,13380
1,2020/2/13 6:00,14675
1,2020/2/13 6:15,18756
1,2020/2/13 6:30,22216
1,2020/2/13 6:45,25060
1,2020/2/13 7:00,24992
1,2020/2/13 7:15,24947
1,2020/2/13 7:30,24940
1,2020/2/13 7:45,24859
1,2020/2/13 8:00,24789
1,2020/2/13 8:15,24398
1,2020/2/13 8:30,15052
1,2020/2/13 8:45,6117
1,2020/2/13 9:00,4356
1,2020/2/13 9:15,7138
1,2020/2/13 9:30,6488
1,2020/2/13 9:45,7350
1,2020/2/13 10:00,5293
1,2020/2/13 10:15,5765
1,2020/2/13 10:30,5950
1,2020/2/13 10:45,9154
1,2020/2/13 11:00,9312
1,2020/2/13 11:15,9107
1,2020/2/13 11:30,13651
1,2020/2/13 11:45,19797
1,2020/2/13 12:00,18135
1,2020/2/13 12:15,19293
1,2020/2/13 12:30,20792
1,2020/2/13 12:45,20481
1,2020/2/13 13:00,16972
1,2020/2/13 13:15,12915
1,2020/2/13 13:30,11873
1,2020/2/13 13:45,14141
1,2020/2/13 14:00,11844
1,2020/2/13 14:15,8066
1,2020/2/13 14:30,6658
1,2020/2/13 14:45,6668
1,2020/2/13 15:00,5591
1,2020/2/13 15:15,6447
1,2020/2/13 15:30,7047
1,2020/2/13 15:45,12755
1,2020/2/13 16:00,10353
1,2020/2/13 16:15,16315
1,2020/2/13 16:30,15568
1,2020/2/13 16:45,13885
1,2020/2/13 17:00,12821
1,2020/2/13 17:15,8272
1,2020/2/13 17:30,7944
1,2020/2/13 17:45,9057
1,2020/2/13 18:00,7841
1,2020/2/13 18:15,9228
1,2020/2/13 18:30,13708
1,2020/2/13 18:45,26622
1,2020/2/13 19:00,38375
1,2020/2/13 19:15,42020
1,2020/2/13 19:30,39312
1,2020/2/13 19:45,29634
1,2020/2/13 20:00,31274
1,2020/2/13 20:15,31786
1,2020/2/13 20:30,26945
1,2020/2/13 20:45,23195
1,2020/2/13 21:00,28997
1,2020/2/13 21:15,37282
1,2020/2/13 21:30,36565
1,2020/2/13 21:45,35267
1,2020/2/13 22:00,33359
1,2020/2/13 22:15,32680
1,2020/2/13 22:30,22465
1,2020/2/13 22:45,25513
1,2020/2/13 23:00,19936
1,2020/2/13 23:15,19682
1,2020/2/13 23:30,17391
1,2020/2/13 23:45,18675
1,2020/2/14 0:00,17138
1,2020/2/14 0:15,8570
1,2020/2/14 0:30,20326
1,2020/2/14 0:45,25251
1,2020/2/14 1:00,24586
1,2020/2/14 1:15,27316
1,2020/2/14 1:30,28553
1,2020/2/14 1:45,18868
1,2020/2/14 2:00,7545
1,2020/2/14 2:15,9257
1,2020/2/14 2:30,9251
1,2020/2/14 2:45,12132
1,2020/2/14 3:00,11834
1,2020/2/14 3:15,12260
1,2020/2/14 3:30,11158
1,2020/2/14 3:45,7249
1,2020/2/14 4:00,4398
1,2020/2/14 4:15,2083
1,2020/2/14 4:30,364
1,2020/2/14 4:45,99
1,2020/2/14 5:00,43
1,2020/2/14 5:15,-296
1,2020/2/14 5:30,-322
1,2020/2/14 5:45,-246
1,2020/2/14 6:00,241
1,2020/2/14 6:15,-15
1,2020/2/14 6:30,-14
1,2020/2/14 6:45,-208
1,2020/2/14 7:00,-173
1,2020/2/14 7:15,-276
1,2020/2/14 7:30,-288
1,2020/2/14 7:45,-304
1,2020/2/14 8:00,-318
1,2020/2/14 8:15,-304
1,2020/2/14 8:30,-331
1,2020/2/14 8:45,-307
1,2020/2/14 9:00,-303
1,2020/2/14 9:15,-277
1,2020/2/14 9:30,-290
1,2020/2/14 9:45,-323
1,2020/2/14 10:00,-310
1,2020/2/14 10:15,-301
1,2020/2/14 10:30,-286
1,2020/2/14 10:45,-282
1,2020/2/14 11:00,-288
1,2020/2/14 11:15,-277
1,2020/2/14 11:30,-322
1,2020/2/14 11:45,-321
1,2020/2/14 12:00,-298
1,2020/2/14 12:15,-289
1,2020/2/14 12:30,-286
1,2020/2/14 12:45,-274
1,2020/2/14 13:00,-279
1,2020/2/14 13:15,-319
1,2020/2/14 13:30,-320
1,2020/2/14 13:45,-305
1,2020/2/14 14:00,-400
1,2020/2/14 14:15,-297
1,2020/2/14 14:30,-411
1,2020/2/14 14:45,-283
1,2020/2/14 15:00,-370
1,2020/2/14 15:15,-332
1,2020/2/14 15:30,-297
1,2020/2/14 15:45,-303
1,2020/2/14 16:00,-252
1,2020/2/14 16:15,-296
1,2020/2/14 16:30,-205
1,2020/2/14 16:45,9176
1,2020/2/14 17:00,13598
1,2020/2/14 17:15,4604
1,2020/2/14 17:30,2303
1,2020/2/14 17:45,-29
1,2020/2/14 18:00,411
1,2020/2/14 18:15,2897
1,2020/2/14 18:30,2047
1,2020/2/14 18:45,2479
1,2020/2/14 19:00,1219
1,2020/2/14 19:15,3105
1,2020/2/14 19:30,2680
1,2020/2/14 19:45,2204
1,2020/2/14 20:00,2232
1,2020/2/14 20:15,1108
1,2020/2/14 20:30,231
1,2020/2/14 20:45,-242
1,2020/2/14 21:00,-275
1,2020/2/14 21:15,-175
1,2020/2/14 21:30,2839
1,2020/2/14 21:45,5644
1,2020/2/14 22:00,9532
1,2020/2/14 22:15,10203
1,2020/2/14 22:30,9896
1,2020/2/14 22:45,10705
1,2020/2/14 23:00,15386
1,2020/2/14 23:15,29759
1,2020/2/14 23:30,39679
1,2020/2/14 23:45,39379
1,2020/2/15 0:00,39568
1,2020/2/15 0:15,39360
1,2020/2/15 0:30,36963
1,2020/2/15 0:45,33012
1,2020/2/15 1:00,31631
1,2020/2/15 1:15,26472
1,2020/2/15 1:30,13453
1,2020/2/15 1:45,38765
1,2020/2/15 2:00,39724
1,2020/2/15 2:15,39577
1,2020/2/15 2:30,39580
1,2020/2/15 2:45,39533
1,2020/2/15 3:00,39446
1,2020/2/15 3:15,39533
1,2020/2/15 3:30,39564
1,2020/2/15 3:45,39367
1,2020/2/15 4:00,39477
1,2020/2/15 4:15,39589
1,2020/2/15 4:30,39068
1,2020/2/15 4:45,39639
1,2020/2/15 5:00,39547
1,2020/2/15 5:15,39510
1,2020/2/15 5:30,39079
1,2020/2/15 5:45,39512
1,2020/2/15 6:00,39642
1,2020/2/15 6:15,39510
1,2020/2/15 6:30,39182
1,2020/2/15 6:45,39628
1,2020/2/15 7:00,39655
1,2020/2/15 7:15,38913
1,2020/2/15 7:30,39703
1,2020/2/15 7:45,39761
1,2020/2/15 8:00,39573
1,2020/2/15 8:15,43940
1,2020/2/15 8:30,31074
1,2020/2/15 8:45,28147
1,2020/2/15 9:00,36483
1,2020/2/15 9:15,43958
1,2020/2/15 9:30,43577
1,2020/2/15 9:45,39142
1,2020/2/15 10:00,25398
1,2020/2/15 10:15,22518
1,2020/2/15 10:30,18588
1,2020/2/15 10:45,17425
1,2020/2/15 11:00,11495
1,2020/2/15 11:15,12239
1,2020/2/15 11:30,9030
1,2020/2/15 11:45,10057
1,2020/2/15 12:00,9368
1,2020/2/15 12:15,15665
1,2020/2/15 12:30,8023
1,2020/2/15 12:45,4752
1,2020/2/15 13:00,3678
1,2020/2/15 13:15,2298
1,2020/2/15 13:30,1609
1,2020/2/15 13:45,4762
1,2020/2/15 14:00,6615
1,2020/2/15 14:15,8424
1,2020/2/15 14:30,2932
1,2020/2/15 14:45,871
1,2020/2/15 15:00,-369
1,2020/2/15 15:15,-298
1,2020/2/15 15:30,-306
1,2020/2/15 15:45,-349
1,2020/2/15 16:00,-342
1,2020/2/15 16:15,-386
1,2020/2/15 16:30,-17
1,2020/2/15 16:45,3398
1,2020/2/15 17:00,6848
1,2020/2/15 17:15,9879
1,2020/2/15 17:30,12602
1,2020/2/15 17:45,9624
1,2020/2/15 18:00,9229
1,2020/2/15 18:15,7546
1,2020/2/15 18:30,10162
1,2020/2/15 18:45,11131
1,2020/2/15 19:00,15547
1,2020/2/15 19:15,20011
1,2020/2/15 19:30,19836
1,2020/2/15 19:45,22145
1,2020/2/15 20:00,21463
1,2020/2/15 20:15,30344
1,2020/2/15 20:30,33272
1,2020/2/15 20:45,29549
1,2020/2/15 21:00,29513
1,2020/2/15 21:15,32630
1,2020/2/15 21:30,34964
1,2020/2/15 21:45,35275
1,2020/2/15 22:00,41857
1,2020/2/15 22:15,41676
1,2020/2/15 22:30,38639
1,2020/2/15 22:45,35610
1,2020/2/15 23:00,33905
1,2020/2/15 23:15,43658
1,2020/2/15 23:30,36398
1,2020/2/15 23:45,39437
1,2020/2/16 0:00,42777
1,2020/2/16 0:15,46539
1,2020/2/16 0:30,53658
1,2020/2/16 0:45,53952
1,2020/2/16 1:00,53728
1,2020/2/16 1:15,50655
1,2020/2/16 1:30,46838
1,2020/2/16 1:45,50723
1,2020/2/16 2:00,53638
1,2020/2/16 2:15,47231
1,2020/2/16 2:30,41460
1,2020/2/16 2:45,40247
1,2020/2/16 3:00,35329
1,2020/2/16 3:15,33000
1,2020/2/16 3:30,33196
1,2020/2/16 3:45,30656
1,2020/2/16 4:00,33108
1,2020/2/16 4:15,28967
1,2020/2/16 4:30,28487
1,2020/2/16 4:45,29781
1,2020/2/16 5:00,32518
1,2020/2/16 5:15,32986
1,2020/2/16 5:30,36358
1,2020/2/16 5:45,36356
1,2020/2/16 6:00,37264
1,2020/2/16 6:15,38947
1,2020/2/16 6:30,28518
1,2020/2/16 6:45,26103
1,2020/2/16 7:00,32638
1,2020/2/16 7:15,23521
1,2020/2/16 7:30,10817
1,2020/2/16 7:45,5751
1,2020/2/16 8:00,5447
1,2020/2/16 8:15,7514
1,2020/2/16 8:30,10012
1,2020/2/16 8:45,9241
1,2020/2/16 9:00,3673
1,2020/2/16 9:15,452
1,2020/2/16 9:30,-182
1,2020/2/16 9:45,-320
1,2020/2/16 10:00,-288
1,2020/2/16 10:15,-326
1,2020/2/16 10:30,-328
1,2020/2/16 10:45,927
1,2020/2/16 11:00,1665
1,2020/2/16 11:15,3505
1,2020/2/16 11:30,9247
1,2020/2/16 11:45,19782
1,2020/2/16 12:00,27277
1,2020/2/16 12:15,26532
1,2020/2/16 12:30,25465
1,2020/2/16 12:45,23065
1,2020/2/16 13:00,27732
1,2020/2/16 13:15,27751
1,2020/2/16 13:30,25013
1,2020/2/16 13:45,23032
1,2020/2/16 14:00,22535
1,2020/2/16 14:15,21018
1,2020/2/16 14:30,24034
1,2020/2/16 14:45,20922
1,2020/2/16 15:00,11597
1,2020/2/16 15:15,9671
1,2020/2/16 15:30,7205
1,2020/2/16 15:45,6641
1,2020/2/16 16:00,4677
1,2020/2/16 16:15,1829
1,2020/2/16 16:30,1905
1,2020/2/16 16:45,352
1,2020/2/16 17:00,1903
1,2020/2/16 17:15,6706
1,2020/2/16 17:30,11040
1,2020/2/16 17:45,7570
1,2020/2/16 18:00,11070
1,2020/2/16 18:15,15964
1,2020/2/16 18:30,22218
1,2020/2/16 18:45,22752
1,2020/2/16 19:00,28790
1,2020/2/16 19:15,34276
1,2020/2/16 19:30,32990
1,2020/2/16 19:45,27482
1,2020/2/16 20:00,22919
1,2020/2/16 20:15,28277
1,2020/2/16 20:30,36053
1,2020/2/16 20:45,36715
1,2020/2/16 21:00,39012
1,2020/2/16 21:15,43119
1,2020/2/16 21:30,40583
1,2020/2/16 21:45,30666
1,2020/2/16 22:00,35778
1,2020/2/16 22:15,40411
1,2020/2/16 22:30,42611
1,2020/2/16 22:45,39982
1,2020/2/16 23:00,33759
1,2020/2/16 23:15,35697
1,2020/2/16 23:30,37837
1,2020/2/16 23:45,35856
1,2020/2/17 0:00,31978
1,2020/2/17 0:15,31369
1,2020/2/17 0:30,34425
1,2020/2/17 0:45,30715
1,2020/2/17 1:00,42295
1,2020/2/17 1:15,42527
1,2020/2/17 1:30,42043
1,2020/2/17 1:45,34209
1,2020/2/17 2:00,31016
1,2020/2/17 2:15,27139
1,2020/2/17 2:30,31063
1,2020/2/17 2:45,39488
1,2020/2/17 3:00,35255
1,2020/2/17 3:15,35345
1,2020/2/17 3:30,36639
1,2020/2/17 3:45,33012
1,2020/2/17 4:00,32788
1,2020/2/17 4:15,37579
1,2020/2/17 4:30,40367
1,2020/2/17 4:45,37576
1,2020/2/17 5:00,37926
1,2020/2/17 5:15,37380
1,2020/2/17 5:30,34544
1,2020/2/17 5:45,23443
1,2020/2/17 6:00,21090
1,2020/2/17 6:15,18312
1,2020/2/17 6:30,15226
1,2020/2/17 6:45,12708
1,2020/2/17 7:00,15808
1,2020/2/17 7:15,14649
1,2020/2/17 7:30,11256
1,2020/2/17 7:45,12102
1,2020/2/17 8:00,11674
1,2020/2/17 8:15,9735
1,2020/2/17 8:30,11477
1,2020/2/17 8:45,13501
1,2020/2/17 9:00,30466
1,2020/2/17 9:15,37513
1,2020/2/17 9:30,37849
1,2020/2/17 9:45,37263
1,2020/2/17 10:00,37527
1,2020/2/17 10:15,36835
1,2020/2/17 10:30,19264
1,2020/2/17 10:45,19835
1,2020/2/17 11:00,12111
1,2020/2/17 11:15,7020
1,2020/2/17 11:30,5541
1,2020/2/17 11:45,3704
1,2020/2/17 12:00,4792
1,2020/2/17 12:15,8515
1,2020/2/17 12:30,9005
1,2020/2/17 12:45,10787
1,2020/2/17 13:00,11425
1,2020/2/17 13:15,12572
1,2020/2/17 13:30,19139
1,2020/2/17 13:45,20252
1,2020/2/17 14:00,26649
1,2020/2/17 14:15,30993
1,2020/2/17 14:30,21535
1,2020/2/17 14:45,29117
1,2020/2/17 15:00,32072
1,2020/2/17 15:15,23420
1,2020/2/17 15:30,37035
1,2020/2/17 15:45,46798
1,2020/2/17 16:00,60286
1,2020/2/17 16:15,61479
1,2020/2/17 16:30,60347
1,2020/2/17 16:45,61247
1,2020/2/17 17:00,60924
1,2020/2/17 17:15,59751
1,2020/2/17 17:30,57615
1,2020/2/17 17:45,43527
1,2020/2/17 18:00,33724
1,2020/2/17 18:15,29776
1,2020/2/17 18:30,19881
1,2020/2/17 18:45,19052
1,2020/2/17 19:00,16676
1,2020/2/17 19:15,19157
1,2020/2/17 19:30,18347
1,2020/2/17 19:45,17901
1,2020/2/17 20:00,17118
1,2020/2/17 20:15,23312
1,2020/2/17 20:30,20858
1,2020/2/17 20:45,13555
1,2020/2/17 21:00,11847
1,2020/2/17 21:15,13013
1,2020/2/17 21:30,12011
1,2020/2/17 21:45,9769
1,2020/2/17 22:00,4935
1,2020/2/17 22:15,3867
1,2020/2/17 22:30,12513
1,2020/2/17 22:45,20226
1,2020/2/17 23:00,24409
1,2020/2/17 23:15,27484
1,2020/2/17 23:30,35328
1,2020/2/17 23:45,32104
1,2020/2/18 0:00,32899
1,2020/2/18 0:15,34807
1,2020/2/18 0:30,25043
1,2020/2/18 0:45,21524
1,2020/2/18 1:00,19994
1,2020/2/18 1:15,17083
1,2020/2/18 1:30,11859
1,2020/2/18 1:45,9924
1,2020/2/18 2:00,6466
1,2020/2/18 2:15,2947
1,2020/2/18 2:30,711
1,2020/2/18 2:45,91
1,2020/2/18 3:00,-303
1,2020/2/18 3:15,-286
1,2020/2/18 3:30,-344
1,2020/2/18 3:45,-289
1,2020/2/18 4:00,-320
1,2020/2/18 4:15,-266
1,2020/2/18 4:30,-303
1,2020/2/18 4:45,-283
1,2020/2/18 5:00,-273
1,2020/2/18 5:15,-341
1,2020/2/18 5:30,-284
1,2020/2/18 5:45,-476
1,2020/2/18 6:00,628
1,2020/2/18 6:15,2578
1,2020/2/18 6:30,1837
1,2020/2/18 6:45,268
1,2020/2/18 7:00,68
1,2020/2/18 7:15,-283
1,2020/2/18 7:30,-306
1,2020/2/18 7:45,3051
1,2020/2/18 8:00,9092
1,2020/2/18 8:15,5687
1,2020/2/18 8:30,2937
1,2020/2/18 8:45,3540
1,2020/2/18 9:00,1751
1,2020/2/18 9:15,-121
1,2020/2/18 9:30,-323
1,2020/2/18 9:45,-322
1,2020/2/18 10:00,-303
1,2020/2/18 10:15,-238
1,2020/2/18 10:30,-361
1,2020/2/18 10:45,-290
1,2020/2/18 11:00,-336
1,2020/2/18 11:15,-282
1,2020/2/18 11:30,-384
1,2020/2/18 11:45,-318
1,2020/2/18 12:00,-364
1,2020/2/18 12:15,-306
1,2020/2/18 12:30,-24
1,2020/2/18 12:45,-297
1,2020/2/18 13:00,586
1,2020/2/18 13:15,2709
1,2020/2/18 13:30,3318
1,2020/2/18 13:45,6617
1,2020/2/18 14:00,5404
1,2020/2/18 14:15,4234
1,2020/2/18 14:30,8391
1,2020/2/18 14:45,13614
1,2020/2/18 15:00,19766
1,2020/2/18 15:15,22485
1,2020/2/18 15:30,19185
1,2020/2/18 15:45,19743
1,2020/2/18 16:00,24268
1,2020/2/18 16:15,24101
1,2020/2/18 16:30,22400
1,2020/2/18 16:45,23432
1,2020/2/18 17:00,21764
1,2020/2/18 17:15,24428
1,2020/2/18 17:30,22139
1,2020/2/18 17:45,24437
1,2020/2/18 18:00,26932
1,2020/2/18 18:15,28676
1,2020/2/18 18:30,33295
1,2020/2/18 18:45,36660
1,2020/2/18 19:00,35753
1,2020/2/18 19:15,35659
1,2020/2/18 19:30,38163
1,2020/2/18 19:45,35144
1,2020/2/18 20:00,37468
1,2020/2/18 20:15,49059
1,2020/2/18 20:30,50102
1,2020/2/18 20:45,47931
1,2020/2/18 21:00,47975
1,2020/2/18 21:15,42501
1,2020/2/18 21:30,50149
1,2020/2/18 21:45,53062
1,2020/2/18 22:00,49948
1,2020/2/18 22:15,51330
1,2020/2/18 22:30,47298
1,2020/2/18 22:45,53303
1,2020/2/18 23:00,53897
1,2020/2/18 23:15,52578
1,2020/2/18 23:30,54371
1,2020/2/18 23:45,51535
1,2020/2/19 0:00,65141
1,2020/2/19 0:15,85492
1,2020/2/19 0:30,94084
1,2020/2/19 0:45,90125
1,2020/2/19 1:00,81699
1,2020/2/19 1:15,71767
1,2020/2/19 1:30,70263
1,2020/2/19 1:45,80911
1,2020/2/19 2:00,90114
1,2020/2/19 2:15,91133
1,2020/2/19 2:30,92886
1,2020/2/19 2:45,91611
1,2020/2/19 3:00,88514
1,2020/2/19 3:15,84979
1,2020/2/19 3:30,89131
1,2020/2/19 3:45,89124
1,2020/2/19 4:00,83161
1,2020/2/19 4:15,75445
1,2020/2/19 4:30,78672
1,2020/2/19 4:45,76148
1,2020/2/19 5:00,69879
1,2020/2/19 5:15,73272
1,2020/2/19 5:30,81212
1,2020/2/19 5:45,86296
1,2020/2/19 6:00,91575
1,2020/2/19 6:15,89766
1,2020/2/19 6:30,87926
1,2020/2/19 6:45,91455
1,2020/2/19 7:00,95872
1,2020/2/19 7:15,97546
1,2020/2/19 7:30,97301
1,2020/2/19 7:45,96613
1,2020/2/19 8:00,89822
1,2020/2/19 8:15,94105
1,2020/2/19 8:30,92832
1,2020/2/19 8:45,79553
1,2020/2/19 9:00,65780
1,2020/2/19 9:15,53926
1,2020/2/19 9:30,47254
1,2020/2/19 9:45,49258
1,2020/2/19 10:00,48799
1,2020/2/19 10:15,48668
1,2020/2/19 10:30,46586
1,2020/2/19 10:45,47727
1,2020/2/19 11:00,48976
1,2020/2/19 11:15,45839
1,2020/2/19 11:30,42633
1,2020/2/19 11:45,46956
1,2020/2/19 12:00,41760
1,2020/2/19 12:15,40341
1,2020/2/19 12:30,42409
1,2020/2/19 12:45,37223
1,2020/2/19 13:00,53048
1,2020/2/19 13:15,53060
1,2020/2/19 13:30,49650
1,2020/2/19 13:45,58421
1,2020/2/19 14:00,61513
1,2020/2/19 14:15,62491
1,2020/2/19 14:30,70151
1,2020/2/19 14:45,80804
1,2020/2/19 15:00,78267
1,2020/2/19 15:15,90134
1,2020/2/19 15:30,85776
1,2020/2/19 15:45,74001
1,2020/2/19 16:00,68137
1,2020/2/19 16:15,69155
1,2020/2/19 16:30,67125
1,2020/2/19 16:45,67587
1,2020/2/19 17:00,75038
1,2020/2/19 17:15,63437
1,2020/2/19 17:30,60645
1,2020/2/19 17:45,63846
1,2020/2/19 18:00,73533
1,2020/2/19 18:15,86736
1,2020/2/19 18:30,86874
1,2020/2/19 18:45,91730
1,2020/2/19 19:00,93867
1,2020/2/19 19:15,91410
1,2020/2/19 19:30,95653
1,2020/2/19 19:45,98531
1,2020/2/19 20:00,98178
1,2020/2/19 20:15,98277
1,2020/2/19 20:30,97132
1,2020/2/19 20:45,98370
1,2020/2/19 21:00,97849
1,2020/2/19 21:15,97461
1,2020/2/19 21:30,98555
1,2020/2/19 21:45,97584
1,2020/2/19 22:00,95587
1,2020/2/19 22:15,87460
1,2020/2/19 22:30,88860
1,2020/2/19 22:45,91551
1,2020/2/19 23:00,85109
1,2020/2/19 23:15,87328
1,2020/2/19 23:30,91947
1,2020/2/19 23:45,85280
1,2020/2/20 0:00,82145
1,2020/2/20 0:15,90143
1,2020/2/20 0:30,91423
1,2020/2/20 0:45,90382
1,2020/2/20 1:00,88140
1,2020/2/20 1:15,93796
1,2020/2/20 1:30,94102
1,2020/2/20 1:45,92463
1,2020/2/20 2:00,91678
1,2020/2/20 2:15,92178
1,2020/2/20 2:30,91136
1,2020/2/20 2:45,94133
1,2020/2/20 3:00,93902
1,2020/2/20 3:15,94885
1,2020/2/20 3:30,95920
1,2020/2/20 3:45,95280
1,2020/2/20 4:00,96576
1,2020/2/20 4:15,97649
1,2020/2/20 4:30,96030
1,2020/2/20 4:45,92859
1,2020/2/20 5:00,
1,2020/2/20 5:15,
1,2020/2/20 5:30,
1,2020/2/20 5:45,
1,2020/2/20 6:00,
1,2020/2/20 6:15,
1,2020/2/20 6:30,
1,2020/2/20 6:45,
1,2020/2/20 7:00,
1,2020/2/20 7:15,
1,2020/2/20 7:30,
1,2020/2/20 7:45,
1,2020/2/20 8:00,
1,2020/2/20 8:15,
1,2020/2/20 8:30,
1,2020/2/20 8:45,
1,2020/2/20 9:00,
1,2020/2/20 9:15,
1,2020/2/20 9:30,
1,2020/2/20 9:45,
1,2020/2/20 10:00,
1,2020/2/20 10:15,
1,2020/2/20 10:30,
1,2020/2/20 10:45,
1,2020/2/20 11:00,
1,2020/2/20 11:15,
1,2020/2/20 11:30,
1,2020/2/20 11:45,
1,2020/2/20 12:00,
1,2020/2/20 12:15,
1,2020/2/20 12:30,
1,2020/2/20 12:45,
1,2020/2/20 13:00,
1,2020/2/20 13:15,
1,2020/2/20 13:30,
1,2020/2/20 13:45,
1,2020/2/20 14:00,
1,2020/2/20 14:15,
1,2020/2/20 14:30,
1,2020/2/20 14:45,
1,2020/2/20 15:00,
1,2020/2/20 15:15,
1,2020/2/20 15:30,
1,2020/2/20 15:45,
1,2020/2/20 16:00,
1,2020/2/20 16:15,
1,2020/2/20 16:30,
1,2020/2/20 16:45,
1,2020/2/20 17:00,
1,2020/2/20 17:15,
1,2020/2/20 17:30,
1,2020/2/20 17:45,
1,2020/2/20 18:00,
1,2020/2/20 18:15,
1,2020/2/20 18:30,
1,2020/2/20 18:45,
1,2020/2/20 19:00,
1,2020/2/20 19:15,
1,2020/2/20 19:30,
1,2020/2/20 19:45,
1,2020/2/20 20:00,
1,2020/2/20 20:15,
1,2020/2/20 20:30,
1,2020/2/20 20:45,
1,2020/2/20 21:00,
1,2020/2/20 21:15,
1,2020/2/20 21:30,
1,2020/2/20 21:45,
1,2020/2/20 22:00,
1,2020/2/20 22:15,
1,2020/2/20 22:30,
1,2020/2/20 22:45,
1,2020/2/20 23:00,
1,2020/2/20 23:15,
1,2020/2/20 23:30,
1,2020/2/20 23:45,
1,2020/2/21 0:00,
1,2020/2/21 0:15,
1,2020/2/21 0:30,
1,2020/2/21 0:45,
1,2020/2/21 1:00,
1,2020/2/21 1:15,
1,2020/2/21 1:30,
1,2020/2/21 1:45,
1,2020/2/21 2:00,
1,2020/2/21 2:15,
1,2020/2/21 2:30,
1,2020/2/21 2:45,
1,2020/2/21 3:00,
1,2020/2/21 3:15,
1,2020/2/21 3:30,
1,2020/2/21 3:45,
1,2020/2/21 4:00,
1,2020/2/21 4:15,
1,2020/2/21 4:30,
1,2020/2/21 4:45,
1,2020/2/21 5:00,
1,2020/2/21 5:15,
1,2020/2/21 5:30,
1,2020/2/21 5:45,
1,2020/2/21 6:00,
1,2020/2/21 6:15,
1,2020/2/21 6:30,
1,2020/2/21 6:45,
1,2020/2/21 7:00,
1,2020/2/21 7:15,
1,2020/2/21 7:30,
1,2020/2/21 7:45,
1,2020/2/21 8:00,
1,2020/2/21 8:15,
1,2020/2/21 8:30,
1,2020/2/21 8:45,
1,2020/2/21 9:00,
1,2020/2/21 9:15,
1,2020/2/21 9:30,
1,2020/2/21 9:45,
1,2020/2/21 10:00,
1,2020/2/21 10:15,
1,2020/2/21 10:30,
1,2020/2/21 10:45,
1,2020/2/21 11:00,
1,2020/2/21 11:15,
1,2020/2/21 11:30,
1,2020/2/21 11:45,
1,2020/2/21 12:00,
1,2020/2/21 12:15,
1,2020/2/21 12:30,
1,2020/2/21 12:45,
1,2020/2/21 13:00,
1,2020/2/21 13:15,
1,2020/2/21 13:30,
1,2020/2/21 13:45,
1,2020/2/21 14:00,
1,2020/2/21 14:15,
1,2020/2/21 14:30,
1,2020/2/21 14:45,
1,2020/2/21 15:00,
1,2020/2/21 15:15,
1,2020/2/21 15:30,
1,2020/2/21 15:45,
1,2020/2/21 16:00,
1,2020/2/21 16:15,
1,2020/2/21 16:30,
1,2020/2/21 16:45,
1,2020/2/21 17:00,
1,2020/2/21 17:15,
1,2020/2/21 17:30,
1,2020/2/21 17:45,
1,2020/2/21 18:00,
1,2020/2/21 18:15,
1,2020/2/21 18:30,
1,2020/2/21 18:45,
1,2020/2/21 19:00,
1,2020/2/21 19:15,
1,2020/2/21 19:30,
1,2020/2/21 19:45,
1,2020/2/21 20:00,
1,2020/2/21 20:15,
1,2020/2/21 20:30,
1,2020/2/21 20:45,
1,2020/2/21 21:00,
1,2020/2/21 21:15,
1,2020/2/21 21:30,
1,2020/2/21 21:45,
1,2020/2/21 22:00,
1,2020/2/21 22:15,
1,2020/2/21 22:30,
1,2020/2/21 22:45,
1,2020/2/21 23:00,
1,2020/2/21 23:15,
1,2020/2/21 23:30,
1,2020/2/21 23:45,
